Id_Number,Patient Question,original_dominant,original_secondary,bucket,self_confidence,entropy,model_predicted_primary,model_predicted_primary_prob,model_predicted_secondary,model_predicted_secondary_prob,cleanlab_quality,corrected_primary,corrected_secondary,reviewer,review_notes
4521,"I have always suffered from performance anxiety, social anxiety, and a certain degree of manic-depression. However I am very smart/talented and was very successful in high-school and attended a top university. I was very unhappy there and almost dropped out despite good grades. I was briefly treated for anxiety caused by a prescription drug and this treatment made me happy, outgoing and popular, but also manic and sexually dysfunctional. During this time I was recruited to many great jobs but was scared to take them and instead started my own dot-com business. However once off the treatment my anxiety/depression returned and the business did not develop too much. Eventually it failed and it became just me working for one of our clients. This spanned 15 years since college and overall it provided a pretty good income in a low-stress environment although I had to work from home and it was very lonely.",Fortune-telling,,A,0.042,0.338,overgeneralization,0.311,,0.193,0.177,,,,
1992,"My 13 year old son has been before diagnosed with GAD, but recently he has been very depressed for most of the time, and only ever showing signs of happiness when he has food or toys. He spends most of his time alone, but his grades are fine. He never really wants to leave the house, and he never wants to socialize with his friends anymore. 2 years ago he switched to a private school for middle school, and we thought smaller classes would be better for him participating, but he is now detached from all his friends. Also, he gets very angry for no reason at me or my husband or people that have not directly done anything to harm him. He can get angry from the slightest thing. He seems to have trouble sleeping, and he says it is from thinking of something really said or worrying, and he cannot stop thinking about it. Girls do not hang out with him, but with many of the richer more popular boys, they like. He used to love doing a lot of things that he does not find enjoyment in anymore, and he doesn’t play sports. Many of the other kids make fun of him for being a nerd. He is mainly alone at school, and he stays away from the only people that he is friendly with because they can be fun when he is happy, but if he is sad, or angry, they drive him crazy. What can I do to help him?",Mental filter,Labeling,A,0.044,0.341,mind_reading,0.388,,0.225,0.083,,,,
2316,"My Dad and I usually get on quite well. We have a lot in common, but whenever he cooks or cleans he doesn’t do the job properly. For instance, he won’t wash his hands before cooking or clean the sides down properly. I’m generally not that bothered by germs but everyone knows the basics of hygiene in the kitchen. I try to tell him that he should wash his hands, but he just get annoyed, and makes some excuse like he’s ‘thinking about other things’. 9 times out of 10 he doesn’t do the washing up properly either eg. there will still be oil on the frying pan. So when I try to do it or I tell him that it’s unclean he just gets irritated and says “your being rather annoying now” when I’m just trying to makes sure my sister and I get a healthy meal in a clean kitchen. My mum usually makes sure that the kitchen and everything else is clean but she’s away seeing her parents because my grandma’s going into surgery soon. Now my dad’s left with us he just seems incapable of doing even basic chores. I can’t keep pestering him but he doesn’t learn. It could be that he listens to my mum or that she does it usually and dad hasn’t had to do the washing up more than once every few days. I think it’s a bit of both.",Mental filter,,A,0.044,0.368,mind_reading,0.504,,0.247,0.146,,,,
124,"Hey, I’ve been really struggling because I’ve been thinking about this problem a lot. So a quick background story. I am the oldest in 5 kids and my parents were married for over 15 years. I also come from a middle eastern background and a very strict religious family. So I’m not sure if anyone is going to understand how hard it is to say anything to anyone. So my dad was sick since 2011 he had a stroke that made him paralyzed on his whole left side. I was around 9 years old when he started being sick. My mom would always take care of him and stay by his side or at least that’s what I thought. But when I was 11, I started seeing my mom talk to different guy on the phone and always flirting with him. I was young and I told her mom are you talking to anyone else. But she denied it and then changed the password for her phone so I wouldn’t look at anything. I ignored it for about a year or so, now around this time, my dad was getting better and the relationship between them was great, there weren’t any problems and we almost never saw them fighting, but I still heard her talking to that guy and saw her many times meet with him when my dad wasn’t home and she always thought I didn’t know and I forgot about it. Time passed and I always ignored, I never told anything to any of my other siblings or faced her with it again. Time passed and my dad got sick again, and she was still talking to that guy in addition to 2 other guys that I knew about and they looked a lot younger than her. I would always find a way to know her password and open her chats to see all the flirty messages between her and the other guys. I always cried by myself and kept it in me since then. Speed up to two years ago, I was 14 at that time, my dad got another stroke and was really sick, he passed away. My mom continued to talk to one of the guys and I don’t know what happened to the other two. I regret not telling my dad anything. And if anyone of my uncles knows about her texts and the pictures she sends to that guy, they will kill her because it is against our religion and our culture and they are very strict. I always cry and I still look thru her phone and see all the disgusting things she says and sends to that guy. I don’t know if I should tell anyone or keep it a secret still. Oh, I forgot to mention that the guy she’s still talking is also married and has kids.(From the USA)",Mental filter,Fortune-telling,A,0.049,0.407,mind_reading,0.566,,0.205,0.088,,,,
0,"From a teen in Australia: This story is incredibly long but I’m going to do my best to cut it down and only include the most important bits. When I was 14 and in a very low place, I met a teacher at my school. She was around 30. I didn’t think much of it at first, but eventually I kept talking to her more and more and seeing her around. We grew close quickly and for some reason I just felt connected to her. One day I received a text message from her as she had gotten my number off another student.",Emotional Reasoning,,A,0.054,0.331,overgeneralization,0.235,,0.16,0.2,,,,
286,"From a teen in the U.S.: I feel like my fiance and I are having issues sexually because our sexual relationship is unbalanced. I will often touch her and go down on her, but she will not do the same for me. She never seems as though she is particularly interested in sex. She used to be more involved in our sex life but she no longer is.",Emotional Reasoning,,A,0.054,0.343,overgeneralization,0.314,,0.193,0.185,,,,
355,"My mom and I are always fighting. She is constantly telling me how to live my life and that any choices I make are wrong. She always constantly puts down my husband and says the nastiest, most vile things about him and I. I try to talk to her about it but it always ends with her and I yelling at each other and her telling me that I am being disrespectful to her.",Mental filter,,A,0.055,0.351,mind_reading,0.306,,0.225,0.186,,,,
2045,I’ve been with the current bf for 2 years. He started not paying attention to me & neglecting me. We don’t live together. 2 months ago I started texting & chatting with my ex in a non flirtatious way because I needed someone to talk to that knows me & my life situations. My current bf went out of town & kept blatantly choosing things other than me that were hurtful. Ex invited me to a xmas party so I told him I’d go as friends. I got too drunk & the ex fingered me. I didn’t even kiss him. I stopped him before things went to far & had him get me an uber ride home.,Mental filter,Mind Reading,A,0.056,0.335,mind_reading,0.238,,0.215,0.115,,,,
4671,"Last year my husband said he knew this girl who needed our help. She had what appeared to be an abusive boyfriend. My husband wanted to help this girl, and I agreed- why not help a person who needs some support. However, soon I became excluded from the help. That is,my husband was the main one interacting with her. He would send emails, meet, exchanged gifts- I was NEVER allowed to be apart of this. My husband was acting like he was having an affair. He was lying to me. He was buying secret phones to call this “girl”. He insulted me,said things to me that one would not even say to their worst enemy. Once he had to go to the hospital. He gave me instructions for taking care of his mother, brother, daughter,and this girl- no parting words for me. The painful examples can go on and on.",Emotional Reasoning,,A,0.057,0.346,mind_reading,0.295,,0.218,0.19,,,,
1930,"From Hawaii: I am in a solid relationship with a man who is quite a bit older than me. We have been together nearly two years but I have known him for 3. He has, of course, been in many other relationships and was even married for a short period a long time ago.",Mental filter,,A,0.057,0.315,overgeneralization,0.254,,0.159,0.199,,,,
1183,"Since I was younger, my mother always got caught being on a call with other men, even before she and my dad got divorced about 5 years ago. Now she’s the only one who pays our bills, being the single mother. After she got divorced with her second husband, she started to become the old her, receiving calls from married men, having a date with them. Maybe because of her, I’ve always being skeptical about marriage, thinking if all men will cheat–there will be no point of being married.",Overgeneralization,Fortune-telling,A,0.058,0.419,overgeneralization,0.313,,0.259,0.127,,,,
1532,Hi! I am a 17 year old male and recently I was in a very dark place. I want to be in the military and/or a police officer when I meet the age requirement.I can not speak to a professional because a diagnosis would almost certanly end my prospect of being these things.,Fortune-telling,,A,0.058,0.316,overgeneralization,0.232,,0.144,0.204,,,,
2084,"Six months ago I went on a camp with some friends. I slept with one of my best friends which was in a long-lasting relationship. We both enjoyed it and wanted to continue with that. We both knew it was a bad and immoral thing, but the pleasure was above all the morality. But I started to fall madly in love with him. Every time I saw him, touched him, kissed him I was feeling so good and appreciated. Nobody ever has given me a feeling like that. And we did not have a single quarrel in all this time. Everything was perfect except the fact that he was cheating on his girlfriend with me and our relationship was a secret. But he started to feel guilty about this relationship about a month ago and wanted to break up with me. I could not stand such a thing and I asked him to give me another chance to make him forget his girlfriend. It did not work out. He is trying to convince me that he is not the right person for me and he is in love with his girlfriend, although he tells me “I love you” every day. I am trying to be the perfect girlfriend for him and do anything he asks, but he still loves the other one more. What can I do to have him? Or should I forget him? I can’t forget him because I love him so much. He is my first true love. I can’t let this behind. (age 20, from Romania)",Mental filter,,A,0.059,0.418,mind_reading,0.484,,0.221,0.162,,,,
4557,"I am curious about the amnesia part of DID. I seem to have different people who live inside me. Unlike what I know about DID, though, we all know about each other. We don’t always but occasionally we do talk to each other. I might comfort the child that is sad or the watchful one might tell me their impression of someone. We don’t forget what’s going on when one of the others is controlling the body. For instance, when I feel threatened or insulted a stronger person will stand in. I don’t disappear or anything I just seem to switch awareness into someone that has a different way of thinking, feeling, and behaving.",Emotional Reasoning,,A,0.06,0.34,overgeneralization,0.317,,0.186,0.19,,,,
331,"From Australia: My 58 yr old sister and her 33 yr old son have a toxic co-dependent relationship. Both are mentally ill alcoholics, can’t maintain a home, have experienced homelessness three times and my nephew is physically violent. They’ve had all the help and support in the world but they simply cannot function and it is just a matter of time before the next eviction.",Fortune-telling,,A,0.061,0.318,overgeneralization,0.248,,0.184,0.202,,,,
2564,"From the U.S.: My brother is 19 years old and is currently living with me and my parents, he was in college but soon left due to his view of our financial issue. He claims he’s severely depressed and has outbursts a couple days per week, sometimes more. During these outbursts he rants about his mental condition, attacks my and my families insecurities and lifestyles, and even sometimes becomes violent over them. He even threatens suicide on more serious outbursts.",Mental filter,Mind Reading,A,0.061,0.32,overgeneralization,0.249,,0.205,0.113,,,,
1073,"From the U.S.: Sometime before I was five, my dad left my mom and my mom passed me off on my grandparents. Since I was a child, my grandpa always screamed at me, beat me and told me how I’d always be a loser, a nobody, a ditch digger in prison and a druggie like my dad. I still see his face yelling those things to me till this day.",Mental filter,,A,0.062,0.342,overgeneralization,0.288,,0.195,0.196,,,,
2156,"From the Netherlands: I am 27 and I feel very inappropriate about what happened between me and my brother when we were kids (I was about 13/14 years old and my brother 11/12). Basically he tricked me into ‘teaching’ him how to handle things with a girl, like kissing and touching. He told me as an older sister I should safe him from disasters with girls by letting him touch and kiss me so he wouldn’t look like a fool when he tried it.",Should statements,,A,0.062,0.321,mind_reading,0.282,,0.216,0.197,,,,
160,"From a grandmother in Canada: My grandchildren ages 7 and 8 have been telling me for almost 2 years that they are afraid of mommy, my Grandson age 7 started soiling his pants, so I took him to the doctors and he said he’s afraid of mommy and she smacks them quite a bit in the head, I got the CPS involved and they sent the children to counselling. The counsellor seen the children one time and informed the children’s father the children are lying and are making stories up to get mommy and daddy back together.",All-or-nothing thinking,,A,0.064,0.331,mind_reading,0.255,,0.22,0.202,,,,
1237,My mom introduced me to this really nice man. He wined me and dined me like no one has. We went to dinner and parties and seem to be getting close. He told me he was diagnosed as paranoid schizophrenic.( i dont know anything about this disorder) But he acted so normal to me and I immediately fell in love with him. My main reason was because he was going to school to become a minister. He prayed and read his bible faithfully. Then he told my mom he was falling in love with me. I have had a lot of bad relationships so I thought god finally answered my prayers. I WAS WRONG. We had an the worst argument I ever had with anyone! I had some out of town friends to come and he went into this jealous rage. He accuse me of sleeping with people who are like family to me. He then said they were touching me right of him…,All-or-nothing thinking,,A,0.064,0.322,mind_reading,0.247,,0.175,0.205,,,,
2162,"Hello, my boyfriend is great to me in person. We function well as a couple. However, he does certain things. He often yells out uncontrollably “I’m not gay, i’m german. I’m a God in the flesh.” He also mentions he’s a genius and the government is spying on him. To remedy this he screams in the shower “Shut up!” He also has a tendency to yell at his computer. This has disrupted my sleep. He’s also claimed he saw the devil leaning on his shoulder whispering the secret of life into his ear while brushing his teeth. He’s a hard worker. He works 2 part time jobs and owns a small business online selling his art. While I support him, he is obsessed, like he will spend hours and it will get to the point of me telling him to come spend time with me. It’s like he’d rather sit on his computer then have human interaction. That isn’t my biggest concern. He claims to have “out of body” experiences led by a voice. He refuses to give me the name of said “Voice.” Also, he has a few dozen dream journals intricately written out. A relevant question. When you just wake up, how can you perfectly and legibly write down your dream? Now here’s the last thing that bothers and hurts me. Since I agreed to marry this man, I did a background check. His records clean, he’s not abusive, but he had 3 dating sites stating he was single. I called him out, I printed his profile. I had the proof in front of him and he said I was crazy over and over. I take 2 trains and walk 1.5 miles to see him (this is until my vehicle is repaired.) I have bought him groceries for nearly a couple months, shown him loyalty and love. He brought up us getting married, which was to early but now at a year I feel it’s fine to get engaged. He’s a bit older than me, i’m 29 and he’s 39. Iv’e been told that he may have these profiles up related to self esteem or validation issues. He has a tendency to self deprecate himself and often asks me if I love him. I wished you could meet him and you would understand. I’m paranoid you think i’m sounding like a unhappy girlfriend. Why would someone show you such strong devotion in person, yet act insane and persue others online?",Mental filter,,A,0.064,0.402,mind_reading,0.477,,0.263,0.165,,,,
4584,"Hello, I am a 16 year old Sophomore in high school. For the past 5 years I have struggled with addiction to self injury, depression and ADHD. My parents refuse too believe anything is wrong with me and every day scream at me and break things as well as insult me about how useless I am and how I am always ruining their lives! My friends all say that I’m amazing and such a good friend but I have a hard time believing them when my OWN parents seem to hate me…My grades have gotten a lot worse because my parents deny that I am ADHD even though my doctor has said I need therapy and medication.",Mental filter,,A,0.066,0.388,mind_reading,0.507,,0.212,0.164,,,,
4585,"Since I began masturbating around eight years old or so, I have had sexual fantasies about incontinence. When I was younger, I fantasized about indulging in this fetish with others but nowadays I only think about being incontinent on my own in a cabin far up in the hills in some woods where noone can find me with an incinerator! So basically, it has to be far away from real life and very hidden for me to find pleasure in it and to escape the shame. I do also have completely normal fantasies and nowadays have to force myself to think about this fantasy in order to orgasm, but it doesn’t naturally come into my mind and, until properly aroused, I still find it genuinely disgusting.",Labeling,Emotional Reasoning,A,0.067,0.38,overgeneralization,0.256,,0.229,0.12,,,,
37,"I’ve been diagnosed with DID, psychosis, intermittent explosive disorder with homicidal thoughts & PTSD by VA psychiatrist. The VA has no problems diagnosing me with DID but they won’t treat DID. I’m in a constant state of extreme rage I can’t leave my living space because I can’t control the rage when I’m around people.",All-or-nothing thinking,,A,0.067,0.384,overgeneralization,0.256,,0.208,0.204,,,,
2418,"I need to clarify what it is that causes such anguish with this person. When I feel I really want or need something from my husband, if it is not mutual, it never comes about. I can ask, I can cry, I can be adamant, I can restate and explain my feelings, but there is no response.",Mental filter,,A,0.067,0.392,mind_reading,0.249,,0.216,0.205,,,,
35,"From a young woman in Latvia:  I should start by saying that I have never posted a question online before. I’m usually pretty logical and level headed and can resolve issues on my own. But this one has been tormenting me and I cannot seem to figure things out. My mother who is in her mid 50s has been teaching her entire life at one school. It’s the school me and my sister graduated from as well. Over a decade ago. But it’s what I know, what I’m familiar with.",Mental filter,,A,0.068,0.348,overgeneralization,0.275,,0.155,0.204,,,,
62,"From a woman in the U.S.: My mother-in-law banned me from her home and life after I wrote a semi-anonymous post on blog on how to deal with toxic people, mentioning her as being one. My husband has vocalized time and again that he is “on my side” but regularly (every other week or so) continues to see and talks to his parents as if nothing happened.",All-or-nothing thinking,,A,0.068,0.331,overgeneralization,0.206,,0.204,0.214,,,,
1264,"My father has physically abused me since I can remember. He has also verbally abused me. I am in college now, and the abuse has slowed down because I’m better at avoiding it. It all started before I was 6. More recently, say from age 11 onwards, when he abuses me, it is usually because I am rude to him. I don’t listen to what he says and I don’t obey him. He would punch me, backhand me, kick me, push me into things, and slap me. It was very painful and very traumatizing. It lasted all the way through high school and even now it is possible that he could start beating me. My mother would always protest but she thinks that child abuse is okay. She thinks what my father did to me was okay because I deserved for being rude.",Fortune-telling,,A,0.069,0.342,mind_reading,0.319,,0.249,0.195,,,,
4599,"I have reoccurring dreams that my boyfriend ( 1 year ) is/has been gay. The Dream is me finding a photo of him and a other male standing around , looking happy. When i confront him about this male, he admits he use to have a relationship with this male before me and they used to live together. ( not a hidden relationship on his family was all aware of). He assures me that relationship is over and he is with me now. I want to underline the fact that he is not cheating on me in this dream.",Emotional Reasoning,,A,0.07,0.332,overgeneralization,0.209,,0.192,0.216,,,,
2149,"I have been dating my boyfriend for almost a year. He has recently come into some hard times.  He lost his job, was forced to move back home, and has been faced with mounting financial debt.  He broke things off briefly because he said he needed to focus on himself while he was dealing with these issues.  While I felt hurt, he made the right decision.  A few days after breaking it off, he called to say he missed me and wanted to work on things. While things in his life were not improving, our relationship was still going well. But the past few weeks it has taken a turn.  A lot of times I try to reach out to him and get no response. I don’t think it has anything to do with our relationship but because of the outside stress he is facing.  When he has faced stressful times in the past, he shuts down and shuts everyone and everything out. I know this is his way of coping.  He usually is back to his old self within a day or two. The longer his situation remains the way it is, the more depressed I see him becoming.  And the more distant he becomes.  I try reaching out to him by text or phone and don’t get any response.  I leave him messages telling him to call me or text me but if he doesn’t feel up to it, it’s ok too.",Emotional Reasoning,,A,0.07,0.395,mind_reading,0.463,,0.215,0.173,,,,
4573,My girlfriend and i have been dating for 5 years. With being sexual active with each other for 3 years prior. Before we started dating and for the first year of our relationship her sex drive was amazing. Over time it slowly decreased. It is to the point now where we have sex 1-2 times a month.,Overgeneralization,Should statements,A,0.071,0.307,overgeneralization,0.195,,0.158,0.122,,,,
39,"My boyfriend of one year, who I have been looking at apartments with, broke up with me out of the blue. He has been feeling suicidal, which he dropped on me as we were walking into my parents house. I was completely caught off guard and said this was a selfish (cringe) time to disclose this information since we are always together. I apologized right after we had dealt with my family and tried to talk but he didn’t want to. He said everything was fine. I offered we go home and he said he wanted to stay. We went out on a boat trip with my family the next day. My boyfriend got really drunk and got into a fight with me because he wanted me to drive him to his friends (we were in the middle of the ocean). I tried hugging him to show I loved him and it was okay and to calm down but that just made it worse. He said I tried to smother him, broke up with me in front of my family, and forced my family to take him to a private beach where he waited for someone to pick him up. Once we both got back home a few days later we tried to talk but he told me that I never supported his mental health. I had no idea he felt this way, that episodes like this were so intense. He told me he had bipolar but he never talked about it. I was really involved in finding him a therapist and I was always there but he would tell me he just “needed to be quiet” and he was “okay.” I’m not sure what to do. He won’t talk to me anymore and has wiped me from his life. This is the total opposite of the person who asked my grandfather (one month ago) for permission to marry me. I’m extremely lost. I have PTSD and so all of this is extremely triggering for me. I’ve been completely open with my mental health and the boundaries I need. I don’t know if I should keep checking on him or leave him alone. I left him alone because he said he wanted space when this first happened but then he threw in my face that i wasn’t there for him when we did talk.",All-or-nothing thinking,,A,0.071,0.498,mind_reading,0.628,fortune_telling,0.391,0.141,,,,
78,"From a young woman in Canada:  We dated for 2 years, lived together and were really in love. I had problems moving to a new city a lot of things happened and I was unhappy with anxiety. It was too much on him and we broke up. We tried again but he would be hot and cold.. one moment he would say he was committed to trying and the next I wasn’t right for him. He said he still loves me and he can’t.",All-or-nothing thinking,,A,0.071,0.334,mind_reading,0.257,,0.178,0.209,,,,
618,"From the U.S.: I started a job 6 months ago and work with a girl who seems to be a bit off. She always stares very intensely at other people and never says anything. She stands very uncomfortably close to other coworkers, behind them, next to them, etc., and never says anything, just stares and listens. She eavesdrops on other people’s conversations and reads over their shoulders on computer screens. She’s very socially awkward and we all think she has some type of disability or diagnosis that we don’t know about.",Overgeneralization,Magnification,A,0.071,0.305,mind_reading,0.211,,0.183,0.119,,,,
1634,"My boyfriend’s mother seemed to like me at first but since he and I have moved in together she has been my worst enemy. I recently lost my job and she constantly is calling my boyfriend and asking if I have found a job and then proceeds to make comments like “I bet she cant wait until you get paid, her hand will be out waiting for your money.”",All-or-nothing thinking,,A,0.071,0.322,mind_reading,0.234,,0.222,0.211,,,,
2480,"From a 15 year old in the U.S.: I don’t know where to start or what to say, but I know I am depressed. I have been thinking for quite a while now that I have bipolar disorder or borderline personality disorder, or both. I imagine flashbacks and I talk to myself most of the time, specifically I have multiple voices in my head that are all their own person.",Emotional Reasoning,,A,0.072,0.326,overgeneralization,0.28,,0.147,0.207,,,,
4683,"I believe that I’ve got a mental illness, and that’s pretty obvious to me. The thing is that i also believe that i want to have one. Can this desire (to want to get worse, or to want to have a mental disorder) be considered as a mental disorder itself?",Emotional Reasoning,,A,0.073,0.376,overgeneralization,0.273,,0.182,0.208,,,,
357,"From the U.S.: My husband and I used to both be friends with some neighbors. One of them has a TBI. For a year, she was calm around us, although we knew that she screamed and berated her husband each day. Then, she turned the same volatile screaming on me one day because she didn’t like that I was doing my MBA homework. I have never returned.",All-or-nothing thinking,,A,0.073,0.334,overgeneralization,0.216,,0.182,0.216,,,,
612,"My mum and dad portrayed the best family for me, never argued, always treated us right and we were happy. Until my mum and dad split up, I don’t know all the details, I was 7 at the time. When my mum started dating again I was upset, this one occasion the man she was dating wasn’t very nice… I’d rather not go into details.",All-or-nothing thinking,,A,0.073,0.321,overgeneralization,0.265,,0.172,0.209,,,,
1165,"I’m a 25yo male, i’ve been diagnosed with depression with suicidal thoughts more than one year ago and i’m still struggling with it, i’ve started receiving medical treatment since may 2016 now, during this period i’ve been prescribed with Dosulepin, Escitalopram, Fluvoxamine, and Sertraline respectively for one month for each but none of them affected me in a good way. And finalyi’ve been on Fluoxetine for 7 months now and still no any improvement at all. I’ve recently came across an article stating that depression can be caused by some hormonal deficiency so i’ve made a list of most related hormones to the problem and got blood tested for them and the results were as following: TSH:2.23 uIU/ml. (Biological Reference: 0.3 – 4.8) Testosterone Free: 17.0 pg/ml. (Biological Reference: 8.3 – 40.1) Follicle Stimulating Hormone (FSH): 2.6 mIU/ml. (Biological Reference: 1.5 – 12.4) Luteinizing Hormone (LH): 7.1 mIU/ml. (Biological Reference: Adult: 1.7-8.6) Prolactin: 14.0 ng/ml. (Biological Reference: 4 – 15.2) Estradiol (E2): 5 pg/ml. (Biological Reference: 7.6 – 43) Progesterone: 0.4 ng/ml. (Biological ReferenceAdult: 0.2 1.4) Testosterone-Total: 4.62 ng/ml. (Biological Reference: Adult : 2.4 – 8.3) Cortisol-am: 19.25 ug/dL. (Biological Reference: 6 – 19.4) Cortisol-pm: 21.21 ug/dL. (Biological Reference: 2.3 – 11.9) Parathyroid Hormone (PTH): 55.2pg/ml. (Biological Reference: 15 – 65) I’ve stopped seeing any doctors and i’m about to give up trying tbh and i don’t have the power to go find a new good doctor and start the whole journey again with him/her.. Do you think that my tests results indicate a physical problem that can be the cause of the whole depression problem? and what would you recommend me to do next?",All-or-nothing thinking,,A,0.073,0.405,overgeneralization,0.259,,0.248,0.208,,,,
1272,"From the Netherlands: For about 6 months, my boyfriend and I are together. In the beginning, it was fun and exciting; he treated me like a queen. Compliments, romantic gestures, talking for hours, etc. But after two months things started to change. The romantic gestures ended. No more compliments or other expressions of his affection towards me. He has one BIG passion and that’s kite surfing, and thats ALL he can talk about. To be honest I don’t know what his feelings for me are really, because he never expresses himself.",All-or-nothing thinking,,A,0.073,0.313,mind_reading,0.235,,0.178,0.214,,,,
2469,From Iran: I am a PhD candidate of structural engineering. I have a proposal of marriage from a man who is a PhD of pharmacy and 35 years old. He is the faculty of a good university in my country. I think he suffers from depression. He does his works very slowly. He has so few friends and has not any special fun except listening to classic music and watching movie. He says that he wakes up easily by a weak sound at night.,Magnification,,A,0.073,0.303,overgeneralization,0.197,,0.17,0.221,,,,
1536,Im 17 years old. ive lied about having an eating disorder and have been hospitalized many times. ive lied about trauma and have been hospitalized for it as well.,Personalization,,A,0.075,0.329,overgeneralization,0.295,,0.156,0.207,,,,
130,"From a woman in the U.S.:  I have a friend who has autism just like I do. At first we had a lot in common when we first met. As the short two years go by, I’ve learned we really don’t have a lot in common besides video games, anime and plush toys. Our values and beliefs differ from each other. She prefers family while I choose independence.",All-or-nothing thinking,,A,0.076,0.312,overgeneralization,0.25,,0.164,0.215,,,,
1044,"When I met my boyfriend, it was an instant attraction on the phone. He was a friend of a friend and came highly recommended. When I met him finally it was an instant attraction in person. We both felt like it was just right. The glitch, to the perfect story comes a few months after we started dating. He misses dinner and a weekend we were supposed to have together and doesn’t return my phone calls.",All-or-nothing thinking,,A,0.076,0.308,mind_reading,0.208,,0.158,0.221,,,,
1722,"I know I need to go to the doctors but before I do I wanted to get other opinions. I’ll start at the beginning; when I was in year 4 I used to scrap my hands on the floor and hurt myself, pinching, pushing my eyes. Things like that. Self-harm has been something I have done a lot, I have also cut for several years but now it is burning myself. However, I have not had an incident in a few months.",Should statements,,A,0.076,0.324,overgeneralization,0.27,,0.131,0.212,,,,
2152,"For 5 months now, my father has left me and my mother in search for “work” in the Philippines, since he was released from his job in Australia in 2013. Currently, my father rarely contacts us, either through phone or email. He even KNOWS my email and house number. Yet, he never seems to call at all, or seems the least bit concerned. This isn’t the first time my father has done this. He’s done it multiple times throughout my life, but this time, it really seems like he’s not going to return. In fact, I believe that my father planned everything before escaping back to his home country instead of “searching for work” there.",Emotional Reasoning,,A,0.076,0.317,mind_reading,0.285,,0.195,0.208,,,,
156,"From France: I work as a teaching assistant at the university. I have a mentor who I assist and who also should be my dissertation mentor. Because nothing I did was ever good enough we decided together that I should seek for a new mentor. I had immediate success and my thesis was confirmed very quickly, even praised by an eminent scholar.",Personalization,,A,0.077,0.31,overgeneralization,0.21,,0.157,0.222,,,,
373,From the U.S.: The past few days have been the hardest. The mother of my son and I was together for about three years. I’ve never been the type to express how I feel in a sensitive way. I recently told her I didn’t wanna be with her and I felt it to be true up until she left and it’s been two weeks and she has already moved on and found a lover.,All-or-nothing thinking,,A,0.077,0.35,overgeneralization,0.213,,0.167,0.221,,,,
657,"It seems like for the last couple of years (or somewhere around that margin) I’ve been having problems with just letting things go or mentally getting over something. For example, yesterday, I was in a book store, walking up to the counter, when I felt something hit my back. I looked down, and it was some kind of children’s rubber toy, and there was a stand near me that it could have fell off of if I bumped into it. However, I didn’t notice any such thing on the stand, and it landed on my back…",Mental filter,,A,0.077,0.334,overgeneralization,0.219,,0.184,0.22,,,,
1975,"My daughter is 8 now and seems much different than my other children. She has always been more attached to me, needing to be with me all the time, flipping out when dropping her at school or making her sleep in her own bed. She will be up drawing in the middle of the night. Always has to have her ears covered when flushing a toilet or starting a bath. Must be listening to music 24/7. Is becoming increasing more violent. Shows zero emotions unless its anger, sadness, or attitude. 2-3 times a year has a complete angry, violent to herself, screaming, breakdown that she says she “can;t stop.” Literally nothing makes her genuinely happy. Always mopey. One pediatrician said 3 years ago that it was just anxiety.",Mental filter,,A,0.077,0.378,overgeneralization,0.277,,0.248,0.208,,,,
4518,"It really just occurred to me recently. I’ve always had vague, small, random memories of it in my mind over the past few years. I knew it was my life, I never gave it much thought. But recently I started thinking about it more and I realized those vague memories were kind of all I had now.",All-or-nothing thinking,,A,0.078,0.363,overgeneralization,0.237,,0.183,0.217,,,,
38,"From a teen in the U.S.: I’m 16 and this year was the worst for me. My parents got divorced, but I knew there was no bad blood between each other and me and them. Yet, it still sucked knowing they”re divorced now. I understand why it happened and I know it’s a necessary evil. However, it affected my school work so bad.",Mental filter,,A,0.078,0.363,overgeneralization,0.253,,0.157,0.216,,,,
259,"A couple of months ago, my boyfriend appeared to go through a manic episode leading to a psychotic episode. He was depressed and anxious for a few months time, then suddenly stopped sleeping, eating, and had some false ideas about his capabilities (i.e. starting signing up for dance classes and bee keeping courses out of the blue). I had never seen that behavior in him before.",Magnification,,A,0.078,0.303,overgeneralization,0.201,,0.176,0.224,,,,
324,"From a teen in the U.S.: Ever since I was a child I had the tendency to imagine and create worlds and people inside my head whom I would interact with. I would spend hours upon hours just imagining different scenarios, conversations, and more people to add to the list. As I got older I couldn’t shake the urge of imagining things and soon enough I would retreat to my room playing music as loud as can be and hours would pass me by while I’m stuck in there doing nothing. I will pace my room in circles imagining this other reality and sometimes I will lie in bed in the dark to do the same if I cannot pace. What could this be brought on by? I have been diagnosed with depression and have been taking anti-depressants for years but this has always remained with me for as long as I can remember.",Mental filter,,A,0.078,0.353,overgeneralization,0.316,,0.167,0.206,,,,
351,From an adult in the U.K. Just before Xmas last year I wanted a one in one with my mother so as I could tell her of a Grandchild of 21 that she didn’t know of. I had a feeling this request would be ignored or dismissed by my mother so I got in contact with her closest friend of 40 years and told her of the situation and asked her to ring my mum and to try and arrange a one to one for me with her in the next month or so.,Mind Reading,Fortune-telling,A,0.078,0.318,mind_reading,0.201,,0.175,0.128,,,,
589,from a young woman in Canada: I’m looking for advice on how to have a constructive conversation with my conservative Christian parents about the negative effects that my overbearing Christian upbringing has produced and discuss the fact that when/if I do reproduce I do not want this set of beliefs anywhere (at all) around my child until they are grown and can form their own opinions.,Personalization,Labeling,A,0.078,0.316,overgeneralization,0.221,,0.165,0.114,,,,
902,"From the U.S.: My husband and I have been married for 3 years and we’ve been close friends for 8. We have been through so much together and he has been the one person in my life I’ve always counted on. Our relationship has always been one filled with nothing but love, openess and trust in one another. However, in the past year we’ve fallen on hard times.",All-or-nothing thinking,Labeling,A,0.078,0.33,overgeneralization,0.197,,0.143,0.118,,,,
1679,"My best friend and I are very different from each other but we have grown a very strong relationship over the years. She is a smart, highly educated, 32 year old virgin that I hardly think has ever even kissed someone. Myself, I have been in many relationships but am currently single, 32 years old as well. My friend has been growing as a person a lot over the last year, and in August she came to me and said she´d started dating someone she met online. I was very supportive that she started online dating, and thrilled that she wanted to go out for drinks, buy shoes with high heals, and I encouraged more social behaviour. She dated this guy for a few weeks and it ended. Then, about 6 weeks ago she called me at 00.30 on a Thursday night, asking if she could come over because she had something to tell me. I got a bit stressed thinking it must be serious, because it was so late, and because it could not wait. She told me that when she started dating that online-guy they had sex. He was her first, and they were not in love. Then she told me that she liked it rough and he could not give her what she wanted. She had therefore joined a sadomasochistic sex society, went to an information meeting and now attends meetings and parties. This just after having sex for the first time a few weeks earlier. She told me she didn’t want to lie to me and wanted me to know what was going on, because we are so close and I know everything that is going on in her life. This particular night she came straight from a 45-year-old man she had had sex with. My friend and I have hardly ever talked about sex, I have even wondered that she might be a lesbian without knowing it herself yet. I was shocked to say the least. We live in a small city with 300 000 inhabitants, big enough to be anonymous, but still. I want her to experience love and sex, not sex as a mechanistic act. The days after her confession I felt confused and sad, kind of like I’m losing her. Now she has a complete new side to her life that I cant share with her, and she has met so many new people. People of all sorts with a variety of sex-interests, some living in polygamist relationships. A lot that is new to me, but I wish to be open-minded. One week after the breaking news she attended a party and met a guy wearing latex clothes. Lets call him Alan. They jumped straight into a relationship, and one week after they first met, Alan and his friend joined my friend and I at a cabin trip (because he was going to Kuala Lumpur in a few days for work). He was rude to me and I did not like his attitude. He seems very emotionally unstable (I have a PhD in neuroscience), and recently got out of a 6-year relationship, just 2 months prior. He kept talking about his ex and how she being mentally ill had ruined their relationship. Apparently this ex-girlfriend grew up in several foster homes and was sexually abused, married a 25-year-older man that she left – including the children because she was an unfit mother. Later on it was revealed that this old father had abused the children too, and she got the custody back. Then she met Alan. Alan is dominant and my best friend likes to be dominated, apparently. I cant help but think that Alan sort of “liked” being with a damaged woman that he could help and further dominate. I don’t know, but it bothers me how negatively he was talking about her. All matters have two sides. Now my friend talks about Alan constantly and is in love. She has already introduced him to her parents and some of our other friends. After only 5 weeks acquaintance. She really wants me to like him. However, I find it really hard to like him and her new lifestyle. I feel like I have lost her and that our friendship has changed forever. It makes me really sad, she has been such an important part of my life for so long. I feel like she has put a lot on me, the sex-club in itself will take some time to accept. However, introducing a man to me just a few days after the confession and expecting me to like him, is just too much. How should I react to this? I am trying to be happy for her, but in a way I don’t want to. It’s quite possible that if I don’t like this new guy I will lose my best friend. Should I just move on and accept that we have become too different now? I would really appreciate some thoughts about this, I have no-one I can discuss it with. (From Norway)",All-or-nothing thinking,Magnification,A,0.078,0.483,mind_reading,0.49,,0.296,0.117,,,,
2324,"I began to hear voices in my head at 24 years old which is weird because I have not had any psychotic mental history ever in my life until now. The voices sound real as if it is being transmitted to me and the voices are not loud it levels out to where I can never fully hear exactly what is being said, if I try too hard to listen it will go away but the more my mind drifts and pays attention to something else with the thought of hearing voices lurking in the back of my mind the voices come back, its as if who ever is transmitting this through to me is trying very hard to make me schizophrenic and appear as a schizophrenic person. I know I am not schizophrenic, I am pretty self aware of everything, I can separate imagination from reality but what is happening to me is full dead on real and I don’t know what to do about it or how it is being done I have been on psychotic medicine at least 4 none of them stop it I don’t think these voices are coming from my imagination I am very positive some how some way people are able to transmit voices in my head.",Labeling,Overgeneralization,A,0.078,0.344,mind_reading,0.247,,0.202,0.126,,,,
4688,"I believe that I have issues trusting people. I grew up in a home where my parents hated each other and it was no secret. I never liked my mother who is controlling and selfish. My mother wouldn’t accept anything unless in her mind it was right. My father, for half of my life, was an alcoholic and didn’t come home very often. Although when my father was at home I would spend all of my time with him. At one point in my life my parents separated and my father disappeared without notice or any phone number we could even reach him at. I was devastated. The relationship between my mother and me only got worse. We would constantly get into fights and physical altercations just because I viewed something differently than her. Eventually my father stopped drinking and my parents thought they would give their marriage and our family a second chance. Nothing ever changed; except for the fact my father was sober.",Emotional Reasoning,,A,0.079,0.454,overgeneralization,0.311,,0.299,0.202,,,,
554,"Hello, I have been biting my nails and biting/picking the skin around my nails since I can remember, probably 8-10 years old. I used to pick at my acne very badly, but I found the cause of my acne and my face has cleared so it’s not a problem anymore. I have tried to stop many times, thinking it was merely a bad habit, but it seems like no matter how hard I try, or how much progress I make, I can’t rid myself of the issue. It’s definitely much better then it was when I was doing it unhindered, but my husband has taken a great interest in helping me stop doing it and supporting me.",Fortune-telling,,A,0.079,0.361,overgeneralization,0.247,,0.208,0.216,,,,
692,"Hi there, small summary of my life: I graduated college at 22 and that’s when my mom got really sick. While I wanted to be there for her, I was also ready to start my own life. Unfortunately she decided for me to move back with her and my family far away from my friends, contacts and opportunities because she wanted me to be with her. I spent 6 months away from everyone and I got into a real depression because I had just graduated and I felt I needed to get a job and start a new life. After convincing my family to move back, they cut me off financially. I moved back to my old town but this time with no money and I was flat broke. In the meantime I developed an interest for a path that I want to pursue but I was not able to get the funds for a course or to buy a good laptop. I also lack skills and experience to get a ‘real’ job and I spent a few years working minimum wage jobs just to get by.",Should statements,,A,0.079,0.391,overgeneralization,0.267,,0.188,0.213,,,,
1082,"I’m in a long term relationship, over 10 years, with my partner. We are a lesbian couple. From the begining of our relationship she has been telling me that she would be a bad partner. I always refused this. She is a wonderfull partner and I love her dearly. I also feel that she does. We do have some difficulties but usually are able to talk it through. Now, she has a loss of desire for me. Our sex life is almost inexistant.",All-or-nothing thinking,,A,0.079,0.337,mind_reading,0.237,,0.22,0.217,,,,
1774,"Hello all, I have been asking this question my all life. I have a lot of feelings toward pet like my puppy but nearly none towards humans. I tend to do things to manipulate to make them think of me as a good person who cares about them so they would come in handy when I need them. The thing is I am totally unaware of my doings when I do it but only after when I start to analyze my actions later. I realize that my actions become something natural, like it’s common sense for me to pretend that I care about someone. And when I come to sense later, I would feel odd about myself but no guilt or distress.",Fortune-telling,,A,0.079,0.527,labeling,0.317,,0.316,0.2,,,,
2098,"Hello, I am 22 years old, I suffer from bad anxiety and I’ve been terrified of developing schizophrenia all of my life, I went through a period of my life a few years ago where I had awful anxiety, and I would hear what sounded like police sirens inside my head from time to time, eventually when my anxiety lessened, the noise went away.",Mental filter,Magnification,A,0.079,0.338,overgeneralization,0.241,,0.169,0.122,,,,
4572,"I’m married to my husband for almost 9 years. We know each other 11 years. For the outside world, we are perfect couple, who loves adventure, travel, cooking and is madly in love. Behind the door is a different story. In the past 10 years, we’ve been straggling with my husband’s father, who had a stroke and now has a cancer. We were helping my in-laws in their difficult times.",All-or-nothing thinking,,A,0.08,0.304,overgeneralization,0.185,,0.175,0.228,,,,
983,"From a 13 year old boy in the U.S.: So I started talking to myself when I was about 6 or 7. I’ve always felt a little bit psychic. Which has nothing to do with this I think. But everytime, a week before a loved one of mine dies, without notice. I get a dream, which I wake up crying and the dream tells me I should start treating this person right, and outta nowhere. EXACTLY a week later the person dies. On from that, I have always talked to myself.",Personalization,,A,0.08,0.334,overgeneralization,0.288,,0.153,0.212,,,,
2304,"From Taiwan: I used to live in one country, and it didn’t have opportunities for my career so I relocated. But in that country, I could go outside and easily find my “type” of girl I’m attracted to. It gave me motivation to improve myself as a man, and hope of finding my type of girl. It made me feel alive.",Emotional Reasoning,,A,0.08,0.366,overgeneralization,0.273,,0.168,0.214,,,,
4555,"So my boyfriend and me have been dating for more than 3 years now and we haven’t been truly & deeply happy for about 2 years of it now. After the 2nd year, we started to break up then make up and repeat over and over and over again. We would fight almost everyday and he would always lie to me and never gave me the love and support that I really needed. It even got to the point where I would have to ask him to show me that he loves me and appreciates me and all the stuff that a boyfriend should already do for his girlfriend. Let me start from where I come from and who I am.",Overgeneralization,Should statements,A,0.081,0.341,overgeneralization,0.233,,0.219,0.133,,,,
795,I’ve known my boyfriend for a couple years and we just started dating. My mom claims that ever since I’ve been with him I’ve been depressed when I’m actually really happy. It all got to the point where she swears I’m never home and doesn’t like when I get invited to my boyfriend’s family activities. She isn’t happy for me or will accept the fact. She won’t let him over past 10 on the weekdays but will allow my friends over past that time. He refuses to come to my house because of how my mom acts towards him. I’ve gotten to the point where I’m going to move out because of how controlling she is but I don’t know how to tell her. I know she’s going to freak out on me and not let me have anything that I own. I’m stuck between my family and my boyfriend and at this point I choose him over them because I see my whole future with him. I’m so unsure on what is right.,Fortune-telling,All-or-nothing thinking,A,0.081,0.494,mind_reading,0.692,fortune_telling,0.539,0.137,,,,
1639,"I really am having trouble describing this, but I have two people in my head- yes I know that sounds down right insane, it is myself and it. I know the consciousness doesn’t exist, but the consciousness thinks its alive even though I think its my issues.It gets upset when I say it doesn’t exist, even making a show of crying. I think I’m insane! Its been around since I was a toddler and I have grown up with it, but now I am at a age where I need to question this for my mental health, because I know normal people don’t have voices that can talk or have emotions of their own. Do i have a sort of Schizophrenia? Or is it just some weird hallucinations? I really don’t know what to do.",Labeling,,A,0.081,0.466,fortune_telling,0.323,,0.318,0.201,,,,
1205,"I’ve been upset these days: I have a little sister who is several years younger than me. We grew up together and had a fine relationship back then. Up until I turned into a teenager in high school, her attitude started to change. I realized she started to bad-mouth people that she didn’t get along with so I keep a distance with her. Things get worse due to forceful interference from family members. Until later and even now, whenever I try to get over the barrier and mend our relationship a bit by looking to her fine points and praise her, she became so conceited. It gets to the point that she’d bad-mouth me or even her brother (also younger than me) to make herself look good in front of parents and others.",All-or-nothing thinking,,A,0.082,0.436,mind_reading,0.445,,0.258,0.184,,,,
1779,"I’ve had a habit of desperately trying to find diagnoses or special labels to classify what’s going on in my head. It’s like an obsession, and I think that’s it’s because I’ve always had a hard time classifying my emotions, so I try to classify my thoughts instead. This has proven to be just as hard, but I have come up with a few things.",Mental filter,,A,0.082,0.366,overgeneralization,0.244,,0.21,0.219,,,,
4581,"First off I would like to thank you for taking the time out to help me. But the problem is I’m depressed but nobody knows it. Half the reason I am is because I have no really close friends to hang out with or etc. While everybody is usually going to the movies, the beach, or somewhere fun I’m at home. My mother has started to notice it, she always suggests I hangout with my friends but truth is I don’t have the heart to tell her I don’t really have any. It started at the age of 11 when I started to notice I didn’t have a lot of friends like all the other kids did.",All-or-nothing thinking,,A,0.084,0.396,mind_reading,0.446,,0.273,0.186,,,,
4608,My boyfriend and I met when his Uncle and my mother got married. We have known each other for years and recently him and I have grown closer and have started dating. We have been dating for 7 months now and my parents will not approve. We have tried sitting them down and talking to them and each of us talking to them individually and they just don’t want to hear it. It has gotten to the point where I have had to move out because of the way that they treat me. My mother can’t even look at me the same way.,Fortune-telling,,A,0.084,0.343,mind_reading,0.414,,0.22,0.193,,,,
4621,I’ve been depressed since I was 9. I’m 13 now. I’ve always had real bad health problems. And my family has always treated me like a piece of crap. But recently it’s gotten worse. My grandma’s friend told my grandma a lie about me claiming I said ‘I’d cut off girls’ fingers if they came into my room! now this is a total lie. I would actually like it if a girl came into my room xD.,Magnification,Overgeneralization,A,0.084,0.348,overgeneralization,0.253,,0.2,0.14,,,,
4653,"I’m an Air Force veteran… separated from service in ’95 honorably. Since ’95,I’ve been through 14 jobs all told (9 welding, 1 maintenance and 4 odd jobs for cash). I liked the Air Force(welding/machinist) job and a mining machinery job the best… I’ve been released from probation during the maintenance job and fired from a welding job two years ago over a dispute with the boss about timeliness/quality of my work(which he was becoming more critical about). Most jobs I’ve been laid off from; however three weeks ago I was laid off from my last job after an anger episode I displayed after a project I was working on needed rework when I made a mistake due to not understanding what was to be done.",Overgeneralization,Personalization,A,0.084,0.343,overgeneralization,0.23,,0.142,0.139,,,,
191,"My bf and I reconnected online after 20 years. Within a year, I was divorced and he had moved 1000 miles to be with me. We moved in together right away and my 3 kids live with us part-time. My bf changed his whole life to be with me, left his marriage and job, all his friends, and moved here and started a new career. The problem is it has now been over 3 years and he has not gotten divorced. He avoided his wife for over a year when she tried to start the divorce process and then she got cancer and stopped pursuing him for a divorce. He doesn’t have contact with her but he gets updates on her health from his mother, who still keeps in touch with her. We have lived together for over 2.5 years now and have gone many places and always take photos wherever we go. His public-facing social media profiles are pictures from when he was with his wife. And he has changed the pictures since he moved in with me, but still changed them to old pictures from his life with her. He has one small item of hers that holds a lot of sentimental value that she has asked him to return to her by mail and he told her he would but still hasn’t done so. He sees the item all the time and knows she wants it back but still doesn’t mail it to her. It feels like he’s fighting as hard as he can to avoid letting go completely. Why would someone change their entire life but still cling to the old?",Mind Reading,Emotional Reasoning,A,0.085,0.413,mind_reading,0.488,,0.219,0.177,,,,
8,From a woman in the U.S.:  My husband’s daughter is 19 years old and she constantly causing drama. she lies and tells people I mistreat her tell people she hates me etc. me and my husband have been together for 6 years we have two children a 3 year old and 2 year which his daughter never asks for at all. they don’t exist to her but the moment she can talk about me she will bring up how she doesn’t see them etc,Magnification,,A,0.086,0.338,mind_reading,0.257,,0.242,0.218,,,,
847,"So, I have known for a while now but think I have been in denial. My mum would always hid away to answer a phone call, Which I noticed wasn’t her usual phone. Me and my sister’s never addressed it to be anything. I found the phone and looked at the messages, I know I shouldn’t have, and there were messages clearly stating that she was seeing someone else other than my dad. I haven’t told anyone as Im worried that they will say that I need to let my dad know and I don’t want to break up the family, and worried that they will judge me for keeping it a secret for so long, but she is having more and more of these phone calls, and i really don’t know what to do. (From Scotland)",Should statements,,A,0.086,0.446,mind_reading,0.608,fortune_telling,0.433,0.156,,,,
1446,"I am looking for some insight on a very personal matter that no body knows about me. Not even my parents. I have seen numerous posts on reddit that detail early signs and symptoms of psychopathy and I’m just a bit concerned. I do by no means believe I am a psychopath but I am aware that I may be a bit more prone to mental illness (My granddad and Aunt were Manic Depressive). I know I should seek proper counseling and not ask questions online but I’m curious to hear your opinions on the matter. What it boils down to are my actions as a child. It began even before my stepfather (who played a huge role in my teenage turmoil) came in to my life. I have a memory (it grows weaker by the day) of being around 4-5 years old and sadistically chasing my mums canaries around a room with a hammer. Although I don’t remember killing them I do remember running around the room with the hammer and also when my mum asked me what happened to them. I asked her about this recently and she said she cant remember anything. The next instance was when I was 9 years old. My Stepfather had a baby boy with my mum. There were multiple occasion where I would twist his arm to make him cry, the crying would irritate me and I would twist it more because of this. Unfortunately I broke his arm one time (This my parents found out about of course). I don’t want any judgement on this please. The baby was only maybe 8 months old and of course I am disgusted by what I did but I’m looking for insight not j udgement. The last sadistic behavior I remember was at about 10-11 years old. One of my cats gave birth to 4 kittens and I am pretty sure I caused the death of all four. I would be in the room on my own and I would press down on their stomachs to make them squeal. Although they never died on the spot they passed away pretty quickly and I am sure I caused some major internal injuries. I remember some of the moments very clearly but what I remember mostly was the guilt. In particular when my brother would scream in pain I would have the feeling wash over me instantly and I would keep doing it for some reason. It was the same feeling I got from telling him that his mam and dad weren’t ever coming back (Parents gone in to the shop, me and brother in the car) I will finish up by saving that I consider my self a normal young adult right now. I have some issues with anxiety but I put that down to smoking grass. But I’m just wondering if this behavior as a child could manifest itself again in my later years when my mental health starts to deteriorate. P.S I have a great relationship now with my family and stepfather who actually provided my mum with two more kids after this. They mean the world to me so I’m curious as to where this behavior stemmed.",Should statements,,A,0.086,0.408,mind_reading,0.315,,0.214,0.21,,,,
1842,"When I was about 4, I used to bully this girl in my class. I pushed her down the slide and hurt her, but she was too afraid to tell anyone that it was me. As I got older, I began to feel like I wanted to kill someone. I don’t want to feel like that, but I do. When I get that feeling, I’ll stop whatever I’m doing and I’ll think about murder and how I would do it. Sometimes I’ll giggle and/or laugh while I’m thinking about it. My parents think that I’m lying and over-exaggerating. I’m not sure what to do, and I’m not sure if there’s some sort of problem going on. Half of my mind tells me to go out and kill someone, while the other half says that it’s wrong and I shouldn’t. I’ve gotten to the point where I have cut myself so the feeling would go away. Is there anything I can do to stop this feeling from becoming too strong? I don’t want to hurt or kill anyone, but sometimes I’ll get that feeling, and I’ll hurt myself instead.",Should statements,Magnification,A,0.086,0.442,mind_reading,0.578,fortune_telling,0.371,0.115,,,,
274,"From a young teen in Morocco: I have experienced hallucinations for about 9 years now. Mom refuses to take me to a doctor for it and makes me feel guilty for it, along with other issues. They’re just getting worse as time goes on, more intense, and they’re making me more dysfunctional. I am undiagnosed, and therefore do not know the cause of my hallucinations. Some people say it’s normal, but they interrupt my functionality in the world. Sometimes, my auditory hallucinations won’t shut up, which mostly occurs when I want to sleep, as a result, I can’t sleep in those cases. My visual hallucinations are a pain to deal with, and are the ones which occur most. I don’t get olfactory or gustatory hallucinations much, but if I do, they’re usually pleasant. Tactile hallucinations have decreased, but when my hallucinations are at a peak, they intensify as well. By “peak” I mean when my visual and auditory hallucinations merge and become excessive that I lost all ability to differ between reality and hallucinations, videos of simulations of psychotic episodes describe this pretty well. Could this be a disorder, or is it really something that’ll pass, and which I could potentially be causing myself(As my mom says.)?",Personalization,,A,0.088,0.372,magnification,0.259,,0.257,0.22,,,,
725,"From a teen in the U.S.: I’m 17 years old, when i was 15 my older brother passed away due to long term heroin addiction. he was my very best friend and i watched him die. being that i am in high school, the easiest way for me to shut the pain out was by partying. eventually that came around to slap me in the face and i had to deal with the pain that i had pushed away for so long all at once.",Personalization,,A,0.088,0.373,overgeneralization,0.261,,0.207,0.221,,,,
2193,"From a teenage girl in Indonesia: first i apologize for my english since english is my third language , i have problem with my temper and i grew up with a bad tempered father, i easily snapped when something really irritated me i remember i yell to my four years old brother when he flip my laptop screen ,",Should statements,,A,0.088,0.342,overgeneralization,0.264,,0.18,0.222,,,,
2229,"I’m a 15 year old girl who has been attending CAMHS for several months now. I have told them a great deal and opened up fully to them. Along side going to CAMHS, I’ve done some research of my own. My therapist keeps saying that it’s anxiety that i have, when what ive seen relates, but seems more than that. I have been hearing voices which are almost indecipherable, and as time passes theyre getting easier and easier to understand. I’ve looked through several sites and compared and came up with some things based on the things mentioned repeatedly throughout the sites. What ive come up with is that it could be some type of schizoaffective disorder, or schizophrenia. In general I feel depersonalized most of the time, and over the years ive learned to just get on with it, and found ways to deal with it, but it seems to be getting worse. The treatment that my therapist is giving me is CBT, and to be honest, it helps a bit, but not nearly enough :/ Do you think this is anxiety, or am I completely wrong to think of schizoaffective disorder/schizophrenia?",Emotional Reasoning,,A,0.088,0.362,overgeneralization,0.27,,0.177,0.22,,,,
4606,"When I was 1 year old I contracted Chicken Pox and Scarlet Fever. I had a temperature of 107*F for several hours. The doctors told my Mother that I would probably be a vegetable for the rest of my life. Thank goodness they were wrong. They considered my recover a “miracle”. Unfortunately not all things were rosy in my life afterwards. I was sexually abused at a young age and it went on for several years. Because of the abuse and several kinds of abuse over the years, I was diagnosed with PTSD in my late 30’s. I have had many different diagnosis over the years but PTSD has always been the first. I suffer from horrible bouts of debilitating depression and as I get older they seem to get worse. My question is if there is a connection between early brain health and major recurrent depression?",Personalization,,A,0.09,0.349,overgeneralization,0.262,,0.167,0.224,,,,
59,From a teen in the U.S.: My mom has no easy childhood by no means but for some reason she’s been acting strange lately. It’s almost as if she’s trying to be a kid again as weird as that sounds. I’m just really worried about her everyday something new is wrong and I get that people age. She’s 38 and this problem started about a year ago.,Labeling,Mental filter,A,0.09,0.418,magnification,0.247,,0.239,0.122,,,,
253,"From the U.S.: My daughter’s friend’s Mother is acting strangely. I found out that she wants my adult daughter to call her “Mom”. She takes my daughter’s side when my daughter and I argue, and has since my daughter was a teenager. She competes with me. An example of this right now is that my husband and I are taking my daughter on a 3 week trip this summer. I found out today that she has planned a trip now for this summer for her 2 daughters and mine. My daughter does not tell me these things. I have learned about this through the grapevine.",Magnification,Mind Reading,A,0.09,0.332,overgeneralization,0.222,,0.197,0.136,,,,
733,"Is it true that there should be no normal physical contact (hugging, ect) between a male and his female friend? I have a female friend whom with I have been friends with for about 8 years. We are best friends basically, but when we get around each other it is like we never ever touch. Not intentionally or anything. I do like her and want to be with her because seems like it’s only natural that I would develop feelings for her, right? But even though she may not view me in that manner, isn’t it normal for friends to at least hug? We have never hugged , or shared small physical contact (touching of the shoulder, ect.) Is this normal for close male and female friends? Or is this because our fear of sexual arousal? Could it be a sign that she might be interested in me as well but does not want to ruin the friendship?",Should statements,,A,0.09,0.378,mind_reading,0.325,,0.203,0.212,,,,
1996,"From the U.S.: I started to write my life story but then realized it would take 10 pages so I will try to sum it up best I can. I had a really bad childhood full of neglect , abuse, abandonment and family mental illnesses. I always had anxiety as a child but was able to mask it as I thought people would think there was something wrong with me.",Mental filter,Mind Reading,A,0.09,0.382,overgeneralization,0.321,,0.187,0.119,,,,
2435,"I’m in my last year in high school and I have absolutely no friends. This problem of mine started around my freshman year. I had two childhood friends who I used to spend most of my days with since the second grade. After the transition from middle school to high school, they both have found different groups of friends, and I have lost all connection with them. I have found some substitutes for them, a group of people who I used to go to the same middle school with. I never really talked much with them until I had class with them. To this day, I would not really consider them friends, but more of acquaintances. I mainly just used them to have a group of friends to hang around with during lunch time. Around my sophmore year, I had detached myself from everyone in my school. I am just alone on my phone during lunch time, I don’t really talk to many people, the only time I do talk is when I am required to. I have looked into the Avoidant Personality Disorder symptoms, and they seem to line up perfectly with my personality. I feel like I shouldn’t talk to people because they won’t like me for being boring. I just sit home all day, mostly do independent activities all day like programming. The only friends I have are people I have met within the programming community. The only people I would feel comfortable around are the people who I feel I have some form of superiority over.I think the main cause of this is from my sister. She has talked down to everything I ever thought or have done ever since my early child hood. Everything from the music I listened to and even made fun of the types of friends I had at the time. I have confronted her with this and told her how I think this is the main reason for my mentality of being unaccepted by everyone, and she had stopped putting me down for everything for about a year now. The problem is, my social life doesn’t seem to be getting better. As I go through my senior year, it seems to be getting worse. I just need some beginners advice on what to do before this problem becomes permanent. (age 18, from US)",Mental filter,Personalization,A,0.09,0.504,mind_reading,0.618,,0.313,0.14,,,,
4500,"Hello, I have a beautiful,smart,outgoing and amazing five year old little girl. Yesterday she came to me and said mom can you take me to the doctor. I ask her what was wrong and she replied: I hear voices in my ears but I dont see the people saying it. She says it happened during school doing a reading circle. She thought someone called her stupid and let the teacher know. The teacher said no one said anything. It happened again when my husband was talking to my other children, she said I heard daddy say shut up, but he didnt really say it. The voice are always fimilar (someone she knows) Im very concerned about this and hope it has nothing to do with my pregnancy while on active duty.",Personalization,,A,0.091,0.342,overgeneralization,0.221,,0.19,0.231,,,,
480,I take invega shot and pill as well as lamictal for schizoaffective disorder. I am wondering why I have seconds of self-talk or talking out loud. Is this med supposed to stop everything or will there be moments like those seconds? It happens once a day. I sometimes say things that didn’t really happen or that I don’t mean. Does this mean that the med has failed? And if so are there other med options.,All-or-nothing thinking,,A,0.091,0.343,overgeneralization,0.289,,0.141,0.221,,,,
975,"From a 18 year old girl in Sweden: I enjoy getting in relationships only to completely destroy the person later on. Or well, not really. I enjoy it in the moment. I get all gittery and giggly and I feel really good inside. It’s not a sexual thing either, it’s just fun. I feel like life without hurting others would be boring and mundane.",Emotional Reasoning,,A,0.091,0.428,overgeneralization,0.336,,0.246,0.21,,,,
1932,Well I went to the atrium in middletown ohio for 3 days for schizoprenic symtoms left 3 days later with a prescription for this drug resperidol 4 millograms then taken down 2 millograms told the doctor wanted off the medication since he did not understand what caused me to have this episode never told him about the pressure of getting a job did it my father was going bankrupt he pushed me hard to find a job any job I did just that & nobody I do mean nobody called me so I didint know what to do or say so I guess he thought I was having mental issues cause the fustration I felt must had triggerd something that never before or after happend again so after the last visit to the doctor I quit using the medication to see if I was ok or not so far I font expierience anything remotely like they describe about schizoprenia well I get depressed but not suicidal or homicidal like the doctor always asks me that bothers me a lot to be asked that every time I see him I don ‘t believe I need this lame ugly pill to balance my mood or in his words to keep me from relapsing it’s been 7 months since I quit taking them & no problems so should I tell my doctor that since they are not really psycologists could I ask for a psyc evaluation so he can stop giving me this garbage?,Emotional Reasoning,Mind Reading,A,0.091,0.385,mind_reading,0.528,,0.222,0.189,,,,
177,"From a teen in the U.S.: I’m typically a loud, obnoxious, passionate, argumentative person. I blow up when I’m angry. I blow up when I’m excited. I like to share my voice. People see me as a potential leader. If anything, I think I should be kept away from a leadership role. I hate being considered a potential leader due to my traits. I hate them with a burning passion.",Labeling,Emotional Reasoning,A,0.092,0.471,overgeneralization,0.373,,0.306,0.148,,,,
705,"It seems from day one my husband has put his mother’s feelings ahead of mine. On our wedding we were only going to have me and him there and 2 witnesses, but because he dare not to tell his mum that, I told mine and got a bit of cold shoulder but he wouldn’t. He said she wouldn’t like it and be upset, so hence we had a wedding that we did not want. I can’t forget it and it keeps coming up all the time.",Overgeneralization,Magnification,A,0.092,0.339,mind_reading,0.264,,0.225,0.14,,,,
1269,"From the U.S.: Whenever my partner and I get into an argument and my partner starts to ignore me, I tend to turn to my friends and tell them what just happened.. and I know this isn’t right! This often had made it even worse and we even lost friends due to this behavior… why am I doing this?",Personalization,Should statements,A,0.092,0.349,mind_reading,0.228,,0.222,0.126,,,,
369,"From a young woman in Nigeria: My parents got separated when I was 11. And for some strange reason there was a lot of pressure on me to fix the situation from pretty much everyone minus my dad (saying that we were really close and he would listen to me). Due to the situation, I really didn’t come to terms with the situation and didn’t deal with it well, most of my time spent in boarding school was spent crying and I did go through a period of cutting(self-harm). Basically I didn’t know who to talk to about what I was dealing with and I’ve pretty much kept my feelings to myself till now.",Mental filter,,A,0.093,0.403,mind_reading,0.251,,0.218,0.226,,,,
1176,"We are raising our grandchild. She’s 10. Her mom (my step-daughter) abandoned her at 3 yrs. We’ve had custody since & she’s like my own. Her dad is schizophrenic & drug addict. She says she misses him often even though he was in jail for the 1st half of her life & they really haven’t bonded. They don’t spend much time together. Never unsupervised. Anyway when he got out of prison, he had 2 more kids with another girl. My grand loves that she has siblings. She also knows why she cant live with him/them. We figd. those kids would probably be taken from them at some point and thats what happened. Her dad OD’d & they drug tested all of them. They both failed & CPS took the kids. They also had drugs in their systems. He is in a rehab now. Not sure about his girlfriend. They don’t live close to us. My grand was expecting to see them last week for her half sister’s first bday party. The paternal grandparents don’t want her to know about any of this, but I don’t want to lie to her. I want her to know she can trust us. I do know she’s better not knowing every detail but I feel she can handle a PG version of the truth. She’s been mature hearing other truths about her parents in the past. I really need some advice on what to do this time. Thank you!",Should statements,,A,0.093,0.45,mind_reading,0.558,fortune_telling,0.431,0.17,,,,
2078,From the U.S.: My ex husbands GF is changing the way I parent my children. She has been trying to force them to change their diet and trying to make them more mature than they are. My girls are ages 11 and 13. She has a 14 yr old daughter who dresses and acts much older. She has been telling my daughters they need to shave their legs and bought them stuff to do it and then showed them how. She has been interfering and I have concerns this will give conflicting ideas to my daughters.,Personalization,Magnification,A,0.093,0.367,mind_reading,0.492,,0.175,0.119,,,,
1980,"Looking for information or help with something I am teaching my foster daughter. Not sure how to describe it, but when you have a toxic member of your family and they want to give you something or buy you something. If you allow it and take it, then you feel bad like you owe them or they start calling and coming around with weird requests they feel you have to do because you took the gift. How can I explain this better to her or find information on this?",Personalization,,A,0.093,0.33,mind_reading,0.271,,0.211,0.223,,,,
4612,"About a year ago I re-entered into a serious relationship with an ex-boyfriend. He is essentially my only ‘real’ ex. We were together through both of our college careers and were only apart for one year before we got back together. For the most part I think we have a very healthy and positive relationship. We are kind and supportive to each other. We communicate about everything and of course we care for each other a great deal. In all the time we’ve been together neither of us has ever cheated on the other, but for some reason I find myself constantly paranoid that he will. I’m sure this is a common problem, but as I looked through similar questions that had already been asked, it seemed that most of the inquisitors had obvious past issues that would give them inevitable trust issues; a father who left, a spouse who had cheated in the past, etc. I, however, do not have a sorted past whatsoever. I have to two loving supportive parents who are still together, I was never abused as a child, I’ve had my share of heartbreak but it all came before college and nothing was too traumatic.",Magnification,Emotional Reasoning,A,0.094,0.421,overgeneralization,0.273,,0.235,0.125,,,,
2296,"About a year and a half ago, I experienced (what I think was, but was never actually diagnosed) a period of depression lasting almost six months. Almost every day, I would drag myself out of bed, go to school, and then come home and go back to sleep. While at school, I found little to no enjoyment in the company of my friends and I could barely stand to sit through class and take part in the tedious and pointless activities. I often thought about suicide, but eventually decided that I would be too scared of failing and ending up worse off to try it. However, I distinctly remember feeling as if I wouldn’t mind if a car were to hit me while crossing the street. I pretty much never ate during the day; I would fast from the time I woke up to about 10:00 pm when I was so hungry that I would often binge on anything I could find. It was also during this time that I began to habitually self-harm.",All-or-nothing thinking,,A,0.094,0.441,magnification,0.313,,0.302,0.213,,,,
2036,"From the U.S.: When I was about 4-5 yrs old, a boy about 7 would take me into the closet and under the bed and take my pants down and touch me and put objects in my undies and say I had to leave it there for awhile. My memory of the rest is pretty hazy. But we were both just kids so it must be my fault just as much as his? Was I abused?",Personalization,,A,0.095,0.315,mind_reading,0.244,,0.175,0.23,,,,
4642,"I dont know how to tell my parents that its serious. I have a very low self-esteem and low confidence. I’m not sure if that is a result of, or perhaps the cause of my depression. But, I have been suffering from depression for a year and a half. For almost two years I have had insomnia issues I barely get any sleep, in fifth and fourth grade almost every other day I would have a sort of panic attacks normally surrounding the things I hadn’t done that day or the things I had done wrong. This last six months my depression has gotten progressively worse.",Fortune-telling,,A,0.096,0.449,magnification,0.363,,0.305,0.208,,,,
4664,"I began nursing school in 1983 and got near completing it – to the final year. Although my grades had always been superior emotionally I was a wreck and had to drop out. However, I DID discover at this time I had hyperthyroidism, and believed that had much to do with my stress over the last part of nursing ed. I had to stop, have treatments of various sorts for that condition, and it has since been under good control.",Emotional Reasoning,,A,0.096,0.355,overgeneralization,0.249,,0.196,0.23,,,,
1689,"From a teen in South Africa: So from what other people have told me, I’m not exactly considered normal. People often seem to find my behaviour odd. I’m very introverted. I spend days at a time sitting in my room without anyone else, and I’ve had full blown conversations with myself for hours on end while doing so. I tend to talk to myself very often, even in public without realising it. Usually I recite the numbers “1 2 9 10 5 9” if I realise that I’m talking to myself in public because I start to panic and think people are going to think I’m strange even when no one has noticed. It’s something that’s been happening for a long time now where i will suddenly just say something out loud and realise that I said it and a sudden panic comes over me so I recite those numbers to calm myself down, sometimes I add other random numbers between 1 and 10 as well.",Labeling,Mind Reading,A,0.096,0.471,magnification,0.411,,0.287,0.147,,,,
5,"I cannot hold down a job because I refuse to submit to arbitrary authority. I’ve been diagnosed with BPD as well. I continuously get fired or quit due to workplace conflicts. I’m trying to move to a region of the country where employment opportunities may be more varied, pertain to my career field, or pay more; however, my inability to work is making this goal nearly impossible to achieve. I simply cannot work. No amount or type of coping skill makes the pain of submission to authority or workplace bullying any less excruciating.",Fortune-telling,,A,0.097,0.456,overgeneralization,0.375,,0.221,0.209,,,,
317,"From the U.S.: I love my girlfriend but we fight often. She gets upset when we are not on the same page, or if she does not get what she wants. This is about small, non-essential issues, at least to me. From what kind donut to buy to which exit on the freeway to take we fight about.",Magnification,,A,0.097,0.364,overgeneralization,0.349,,0.207,0.214,,,,
1159,"I recently discovered a friend of mine has homicidal fantasies. I assured them I would be a loyal and caring friend and I really mean it but I’m concerned and wish to help. I know this needs to be taken care of by a professional, but I have no idea how to get them help when neither of us have the resources to do so. They tell me that they have had this since they were very young and fantasize about murdering other people they know: family, friends, even strangers repeatedly and all the time. They don’t have an urge to act on these fantasies thankfully but they are a very prominent morbid obsession for them. I am the only true friend they’ve ever had and the only one they’ve ever told about this as well as one of the very few people they’ve never thought of killing. I know that this person has a very high tendency to bottle up emotions — they have panic attacks, extreme social anxiety, ect. In short, they’re a trouble individual. Could you give me a general idea as to what tends to cause homicidal fantasy? And, more importantly, what is the best way for me to support them through this as their friend? What can I do to help? And how can I find help provided that they don’t have the money to go see a true professional?",Should statements,,A,0.097,0.363,mind_reading,0.27,,0.205,0.227,,,,
2081,"From the U.S.: For a few months, I’ve been getting these sudden headaches that don’t hurt so much as they feel strange and are very hard to describe. It starts with a sharp, adrenaline charged feeling in my head that becomes a tingling or numbness somewhere else, such as in my hands or in my face, or sometimes it feels like it’s manifesting inside of my head. This numbness usually moves around my hands and face, sometimes to the point where a whole part of my face will be without sensation. I have trouble concentrating, and speaking, during these headaches.",Emotional Reasoning,,A,0.097,0.349,overgeneralization,0.264,,0.191,0.228,,,,
82,"I have a family friend, who I consider to be like an aunt. She is in her 60s and ran an art organization until her employees quit( after her negligence with bring profit and ect.). We are living with 3 other people, all in their 40s and up. When i moved in me and my ‘aunt’ were only planning on being here for a few months until we were able to save more money and get an apartment closer to where she wants to live/ where I’m transferring for college. The 3 other roommates dont clean, nor take care of their cat and almost starve and leave her waste out to stink. When I finally had enough I addressed it, and 2 of the roommates decided to move out because I was not going to compromise living with roaches or working all day and then being the only one who cleans the house. After talking among themselves they decided to stay, and thats when things went south. In response, I started working more hours and working out outside of that so that I could focus on our goal of moving out. My aunt was on board with me until the other roommates started to say mean things about me, which made me very uncomfortable because they are twice my age. One day i went to the store with ML(aunt) and I specifically asked her to not eat the food that i was buying separate (dietary issues), she agreed. The next day when I woke up for my 5am shift my lunch had been eaten! I had to hurry to work so I texted her and asked if she could please buy back what she ate. She sent angry text about me being selfish, ect. There have been many more situations like this, and it’s getting really hard to live in an environment where now everyone (all twice my age or more) pick apart even my phone conversations and yell about who they think i am. Im not sure how to respond, so I ignore it and stay focused however my stuff gets damaged, and i cant speak up without being turned into the “enemy”. Im not sure how to handle this situation, especially on a daily basis.",Mental filter,Fortune-telling,A,0.098,0.499,mind_reading,0.691,fortune_telling,0.427,0.146,,,,
356,"I am in a situation where I have been the patient understanding partner but am at a point where I am considering leaving the relationship because of the kid. I think first is the issue of discipline. My partner, to me, is very inconsistent in his discipline being simultaneously too harsh and lenient (ex. “I’m going to get my belt if you don’t listen and I am not giving you anything to eat, now come here and give me a hug. Want to watch TV?”). I do not directly address this in disagreement but he can tell from my facial expression that I am not with this. So he gets extremely defensive. All I can say is that I am allowed to have thoughts and those thoughts can disagree. But he wants me to agree with him and I just do not. There is also a jealousy issue. I bought his kid a stuffed animal and my partner says “it’s a good thing that I didn’t buy a stuffed animal like I was going to cause then we would have to see whose gift he likes more”. On Christmas day, when kid opened up a guitar he received from his dad and couldn’t put it down, his dad yells “He likes my gift the best. I win!”. The incidents that I mentioned above were minor but there have been really big arguments that have ensued from either in which my partner’s go to excuse for yelling and screaming is that he is the parent and I need to stay in my lane. Just to clarify, once me going out of my lane involved me getting a lint roller to remove cat hair from his son’s pjs before he put it on. I had matching pjs and the plan was that me and his kid were going to wear the pjs and have a movie and popcorn night. His dad said that he couldn’t wear the pjs because he needed to get the cat hair off first. He was in the middle of cooking so I went to do it. I was yelled at for trying to undermine his authority because he already said that his son was not to wear those pjs at all (that was not what he said). I honestly feel it was a ploy to ruin pajama night. I am noticing that part of the problem is that my partner doesn’t want certain things getting back to the baby mama for fear she will use their kid as leverage and not allow him to see his son. After over a year of dating, I am beginning to just feel resentful and emotionally alienated but feel like I am not allowed to have those feelings because I am not the one with the kid and that kids are supposed to come first.",Emotional Reasoning,Should statements,A,0.098,0.434,mind_reading,0.562,,0.259,0.114,,,,
132,"From a teen in the U.S.: Whenever I do something mildly wrong, get called an idiot, or just generally feel upset, I feel the need to have violent fantasies about being sexually, emotionally, or physically abused until I cry. The fantasies have been following the same narrative where someone severely abuses me and is justified because I did something horribly wrong to my abuser or their family member.",Personalization,,A,0.099,0.344,overgeneralization,0.2,,0.188,0.24,,,,
232,"My husband and I have been married close to 8 months, weeks prior to our marriage he started to slap me, hold me down, forced me to stay in the house, slap me if I don’t look him in the eyes when he’s talking his anger would last until he felt better. It would be about small things, small fights, things that should be an argument or a conversation and then it’s either better or worse, but he could never control his anger. I remember the day before our paper marriage we fought about something so small I cannot remember it, and I told him I was tired of how he treated me and I didn’t want to marry him. He then slapped me, screamed at me, got on top of me, forced me to stand up if he wanted or sit down if he wanted, forcibly put his hands over my mouth when I cried, and told me to shut up before anyone heard me. This was all in his mother’s home, and his brother and mother did nothing to stop it. Later I found out, his mother had anger problems as well, when she would get mad at her son she would scream, throw wooden boxes at his head and give him a concussion, use any object to hurt him not caring what it was the only thing she didn’t use were knives.",Should statements,,A,0.099,0.354,mind_reading,0.327,,0.219,0.219,,,,
349,"From a young man in Nepal: My brain is active all the time and has to either listen to all the subtle noises happening around and decipher their rhythms, or remember past memories and audio samples, sometimes on loop. I often get irritated by my my family members who I otherwise adore and are great people and I love them and behave well most of the times.",All-or-nothing thinking,,A,0.099,0.382,overgeneralization,0.256,,0.209,0.23,,,,
1162,"From a teen in the U.S.: I have been told by many doctors that I have a psychosis related problem (they’re unsure if it’s schizophrenic or schizoaffective) and I have a phobia of people around me vomiting. I know the fear is irrational, I have no idea how I became afraid of it, I have been my whole life. The fear stretched into involving coughing, and I hate the sound of anyone around me coughing. When I hear someone cough, I get very angry very fast and I feel an impulse to hurt them, but instead of hurting them I hurt myself (punching myself, hitting my head).",Should statements,Magnification,A,0.099,0.507,magnification,0.498,emotional_reasoning,0.402,0.184,,,,
108,"From the U.S.: My fiancee of 4 years is upset by my sudden lack of sex drive. I used to have a pretty high sex drive, but in the past year it plummeted completely. I suffer with Scoliosis pains, depression, anxiety and self esteem issues and take medication that further inhibits my sex drive.",All-or-nothing thinking,,A,0.1,0.334,overgeneralization,0.319,,0.157,0.223,,,,
238,"From a teen girl in the U.S.: I haven’t been able to interact with people normally at any point in my life. When I was in elementary school I was extremely aggressive and prone to tantrums far past the age where that behavior is normal. This behavior continued into jr high and high school. My tantrums went from scratching my arms up and screaming to punching myself, banging my head on walls, hitting myself in the face, biting my arms and making non human sounds. I’ve never had control of these outbursts. They’re almost always triggered by other people, especially if I’m cornered or they stand to close to me. They’re embarrassing, I have no control over them, I’m an adult woman, I don’t want to have temper tantrums like a 5 year old.",Should statements,Personalization,A,0.1,0.388,overgeneralization,0.405,,0.273,0.126,,,,
642,"Me and my boyfriend have been together for 6 years now. He lives with me. Sometimes he is very cold to my son. He is a quiet guy that does not really like to be bothered. He gets annoyed with me too when I bug him. He has said that he is the type of guy that shouldn’t be in a relationship because he likes his space. Well, last night was the last straw for me. My son had gotten him something for father’s day (not his dad) and he brought it over to his desk tried to talk to him and he said not right now and my son was yelling over him saying it’s important and my boyfriend yelled at him and he started crying and came and told me. I went in and talked to my boyfriend and he said it doesn’t matter what he needed to talk to me about he needs to wait. Then later my son came in again to apologize to him for bothering him and yelled at him again. I really think I’ve had it with this. I love my boyfriend and sometimes him and my son have lots of fun together, he’s been around since he was 2. He’s 8 now. But This happens too much and my son should not be treated this way. Am I making the right decision breaking up with him or should I talk to him and see if things change?",Should statements,,A,0.1,0.425,mind_reading,0.497,,0.225,0.192,,,,
791,"For years i hated my sister so much. there are things she does that i really hate. my family is divorce. My sister and i are with my mother. She had surgery years ago due to stress. I listen to everything my mother says, i fix the house when it comes to plumbing, computers, TV, networking, bathroom tiles, ceilings, etc. i work every hard and i really dont ask for anything and i respect others. My mother tells me not to yell at her or tell her what to do and my mother can not discipline her because she is worried she will have surgery again. I cant do anything because i dont want to stress my mother as well. therefore my sister can do what ever she wants.",All-or-nothing thinking,,A,0.1,0.498,mind_reading,0.418,,0.282,0.202,,,,
954,From a woman in the Philippines: I was sexually abused when I was younger and diagnosed with clinical depression almost a year ago. I used to have bad temper problems (snapping out or having a mental breakdown in a split-second) which does not happen as often anymore. I still self cut when in the state of depression.,Mental filter,,A,0.1,0.325,overgeneralization,0.259,,0.125,0.234,,,,
1711,"From a young teen: A few years ago, I went through several months of what I guess can only be described as really crippling depression. I was really stupid and slit my wrists and cried for no reason and forced myself to stop eating, that kind of stuff. What I remember really distinctly is assuming everyone else was going through the same thing. Anyway, when I kinda eased out of that phase, I became a lot happier and somewhere along the way I realized there was something different and bad about the way I’d been feeling for a couple of months (more like a year, really).",Mind Reading,,A,0.1,0.404,overgeneralization,0.274,,0.254,0.227,,,,
818,"I feel myself screaming in my own head, have compulsions to act…insane…like doing weird twitchy movements, talking in a nonsense language or just making grimaces and noises. So far I am in a firm control of these compulsions, they never slip in public. But when I am alone, sometimes I just…cant. And its like something overtakes my body while I just scream internally. Its like my own mind is trying to imprison my consciousness in a prison while replacing it with raving lunacy, while I fully realize what I am doing and what is happening around me, but am too deep to regain control. My therapists and psychiatrist do not believe me and keep convincing me that I am just making stuff up. I dont know how to convince them to take me seriously. Lately I have been considering hurting myself badly, just to prove them that I am serious. But It seems ridiculous to me. Hurting myself to gain attention seems stupid and childish… Any idea what is happening? Advice on what I should do?",Labeling,,A,0.101,0.511,magnification,0.457,,0.33,0.195,,,,
1801,"From the U.S.: I’m 21 and have a long distance boyfriend of 3 months. He came to visit and meet my family and meet me in person for the first time. The relationship between him and my family was already rocky because of a rule that my family made for us. They told me we couldn’t be in a room with the door closed. They didn’t want me to tell him because they thought he would think that was weird, but I had to because I knew it would get in the way of us trying anal sex which I had told him I would like to try with him. That made him mad because he’s 23 and he just got out of the army so he’s tired of rules and feels like I’m an adult and should be able to have more freedom.",Fortune-telling,,A,0.101,0.362,mind_reading,0.363,,0.211,0.215,,,,
1962,"From the U.S.: Me and my boyfriend have been dating for about 10 months. We live two and a half hours away from each other until I graduate from college in May, but we still see each other every weekend and I stay with him whenever I have breaks. He is an amazing guy who obviously loves and cares about me a lot. Even though I know this, I will still find reasons to get upset, sometimes creating problems out of thin air.",Mental filter,,A,0.101,0.424,overgeneralization,0.262,,0.203,0.231,,,,
4588,"First, some quick background. I am a male with a history of bad behavioral decisions that end up biting me in the rear, often months later. One decision I made in t past 6 months was to quit my job (no warning, no job to transition to) due to the treatment (high stress, high responsibility, low authority, etc.) I was getting. My blood pressure and blood sugars (Type 1 diabetic) improved over the next few months and I got a new job in December. But the stress of that decision put a lot more strain on my already brittle marriage. My wife is very money conscious (due to some bad money situations before we met) and this additional strain on her income was heavy. In the middle of this already “Joyful” experience, she demanded that we move to reduce her commute, as “that wasn’t my problem anymore”. I moved us and essentially completed most of the move before Christmas.",Labeling,,A,0.102,0.349,mind_reading,0.243,,0.198,0.235,,,,
4525,"I was born with Attention Deficit Hyperactivity Disorder, O.C.D. and I am also transgendered. As a result, I was a very difficult child to raise. There was constant fighting between myself and my parents. At the age of ten, I was sent away to an institution for two years. While there, I was physically, emotionally, and sexually abused. I couldn’t talk to anyone because I had no trust in adults. When I returned home, the same previous problems existed. I was sent away again at the age of seventeen. I felt no love whatsoever and would not until I was 25 years old.",Overgeneralization,Personalization,A,0.103,0.359,overgeneralization,0.3,,0.188,0.163,,,,
92,"My mother has several personality disorders. NPD, BPD, Disassociative Disorder. Thru plotting and manipulation, she sicced CPS on me and was able to steal my child. She then began brainwashing my daughter PAS and would not allow me any contact until she turned 18. We have begun to email but the PAS is so obvious I’m not sure how much I can tell her. I want to explain everything so she knows I am not to blame. I want her to know who my mother really is. What can I do for my child who suffers from PAS? She is very judgemental and rude to me. I don’t know if we can reconnect as long as my mother is in her life. I want her to know who my mother really is. (From The USA)",Fortune-telling,,A,0.103,0.339,mind_reading,0.443,,0.192,0.204,,,,
142,"I have a problem with my past, but I don’t know what kind it is if any. I just know that I had a really happy early childhood until age seven when I moved to a new school I didn’t like and my grandmother got diagnosed with dementia so my mom was never around much for a few years. I remember resentment for my grandmother, but I’m over that now. She is still alive after about a decade if you can believe that.",All-or-nothing thinking,,A,0.103,0.345,overgeneralization,0.304,,0.189,0.227,,,,
385,"Adult son 23 has been depressed for years. Not moving forward with his life. My husband and I took a NAMI class (12 weeks) and am starting to understand that he may be bipolar ll. He refuses help from psychologists or psychiatrists. Doesn’t feel they can help. Feels that the US is caught up in political wrongdoings and it is going to wreck our world. Constantly checking phone to find out political happenings. Says he is a nihilist and no psychologist around our area can help him. What is the purpose of moving forward. He is living at home with his us (parents) and having a hard time. No friends around (all off to college), bored, sleeps alot, not working. Is going to try to take classes in Jan but this will be his 3rd attempt-first two he got too depressed to finish-even though he had good grades. He thinks school is his only hope. My question-how do you help someone with this mentality? I feel like there is no hope. He constantly does things to self-sabotage and is not helping himself. Just too depressed to help himself. Is there any online counseling? The problem is he is very smart and has been able to manipulate other counselors into thinking nothing is wrong-or he is pretty ok. Which isn’t the case. Any suggestions would be helpful. Thank you.",Fortune-telling,Mental filter,A,0.103,0.465,mind_reading,0.338,,0.287,0.156,,,,
388,"From a teen in the U.S.: Hello. I’ve known about this site for awhile but it wasn’t until now that I’ve finally decided to ask a question. Basically, like the title suggests, I’m afraid my depression is a personality and that there’s no hope for recovery. I’ll do a rundown because I didn’t just come up with this randomly. I was diagnosed with depression when I was 6 and honestly I don’t think I’ve ever been okay.",Fortune-telling,Emotional Reasoning,A,0.103,0.347,overgeneralization,0.232,,0.15,0.133,,,,
435,"I am graduating in May with a degree in Psychology. My family is going through basically a break up because of my Aunt. I personally believe she has gone untreated for most of her life with either schizophrenia or a personality disorder. She could qualify for both under the DSM 5, but I know that is she has schizophrenia she would not have a personality disorder. The reason I am putting all this out there is because she has taken my great grandmother from my grandma, put her name on my great grandmother’s bank account, and is forcing my grandmother to move off her property. She brings up situations that does not make sense because they never actually happened. My great grandfather on my mom’s side was also schizophrenic and I know that it is hereditary. My mother is constantly asking me for guidance and help to understand and decide what to do with her that will benefit the family as a whole. This weekend, November 2-4, 2018, we are planning to move my grandmother and grandfather into our home to get them away from their daughter and off her property. I just do not know what we should do about my Aunt because she needs help, but we do not know how to help her. We have been thinking that we could call DSS, the police, or a mental health facility; however, she is very deceitful and lies a lot. My mother has called the police before because she was putting her children in danger, but the police officer said the only thing my mother could do is call DSS and see if they can find anything. So that did not go anywhere and she still has not received any help. I guess now we are just at a loss for what we can do for her, if we can do anything at all. If there is anything that we are unaware of that we could do, please let me know.",Personalization,,A,0.103,0.362,mind_reading,0.425,,0.172,0.207,,,,
785,"From a teen in the U.S.: Hello. To begin, from an early age I moved schools and was placed in a different environment. I was in third grade and from that point on, I could not help but break down every other day. I was isolated from my peers and eventually began to do questionable things (such as “sacrificing worms”) but I attribute this to my childhood nature.",Magnification,Overgeneralization,A,0.104,0.34,overgeneralization,0.318,,0.168,0.168,,,,
858,"Ok i’m kind of have a feeling of being out of control. My ex and I broke up a month ago b/c he was a cheater and I found out many instances where he wasn’t faithful to me in our relationship-we were together for a year off and on (he flew out to visit ex g/f in cali and told me he was going mtn biking, emailed/chatted with Transexuals online, emailed girls on myspace, craigslist, dating websites etc). I’m 26 he is 27.",Labeling,,A,0.104,0.334,overgeneralization,0.244,,0.131,0.239,,,,
900,"I don’t see the point of living anymore: i’m here because i’m afraid suicide if the only thing that makes sense for me to do now, but am open to other opinions. first of all, i don’t believe in god, so there’s no spiritual theater that needs to be addressed. i was in an accident 2 years ago which led to 2 things: back pain and juvenile rheumatoid arthritis. i dont enjoy my life–i have more doctors than friends, my family is disgusted with how antisocial and isolated ive become. the only people i talk to are those i see online playing video games, my friends all go to school hours (if not states) away. i have a serious addiction to perscription pain drugs, which my parents know about and are disgusted with.",Mental filter,All-or-nothing thinking,A,0.104,0.485,mind_reading,0.411,,0.281,0.127,,,,
2159,"From a 14 year old in the U.S.: I really can’t stop thinking about ending my life. My whole family hates me, my mother says I’m a disappointment, my dad isn’t in my life anymore, and my sister she bates me so much, my brother is in the navy but he acts like be cares about me when really doesn’t I can tell. I never went to a therapist so I turned to this site for help,",All-or-nothing thinking,Mental filter,A,0.104,0.508,fortune_telling,0.394,emotional_reasoning,0.38,0.146,,,,
816,"From the U.S.: Hi. I’m 12. I’m not trying to be offensive, stupid, ignorant, and I’m not self-diagnosing myself, either. First of all, I think I have Aspergers. I’m trying to get diagnosed, although it doesn’t bother me too much. I’m not sure if this is an obsession caused by Aspergers or if it’s something different. I feel like this obsession has lasted alot longer than my other recent obsessions, which usually last only a couple days or months.",Labeling,Mental filter,A,0.105,0.339,overgeneralization,0.244,,0.128,0.133,,,,
1440,My friend recently introduced me to miscopy.com which is a website normally used for watching gore videos mostly including death. My friend introduced it as sick and disturbing but after watching a couple of the videos i found that i kinda enjoyed it. Not in a sexual way though its like i was watching a funny cat video although instead of cats doing silly things it was people dieing i brushed it off as a one time thing and that i was just being an edgy teenager (which i still think is the reason btw) but when i was at school one day i got the urge to watch some more so i went into the bathroom and did just that its progressed to the point in where i send some snapchat clips of some of the videos that i find amusing they for the most part think that the videos are funny too although they could just be saying that. Anyways i think ive just got a messed up sense of humor and i just wanted to ask what you people thought.,Personalization,,A,0.106,0.35,overgeneralization,0.261,,0.159,0.237,,,,
4662,"I am writing on behalf of my wife, since I don’t know how to help her or which direction to guide her. My wife’s mother has borderline personality disorder. Ever since she was little she has been called worthless, stupid, cussed at, and a whole host of other verbal insults. Now she is 39. Her mother to this day calls her (from the east coast, we live in Los Angeles) to tell her what a horrible daughter she is, what a failure she is, and cuss her out. My wife is destroyed by this. My wife’s most recent email to me was this:",Labeling,,A,0.107,0.354,mind_reading,0.392,,0.163,0.217,,,,
889,"I just discovered unfortunately that my boyfriend has strange sex fetishes. He accidentally left his email open on my computer and I found an email from him to an escort describing the type of fantasy he wanted with her. He said that he wanted her to take him hostage and use him for her pleasure. He wanted to serve her. He said that he enjoyed strap-on play, golden shower, boot, foot and rear-end worship. I am so shocked by all of this and am trying to look for answers as to why and how someone develops fetishes like this. With me he is most gentle and loving and this is a completely different person than the one I know. Please help me to understand this. Does this mean he is gay or bi-sexual? Is he deeply disturbed?",Magnification,,A,0.107,0.335,overgeneralization,0.224,,0.172,0.243,,,,
2449,"I have been drawn to children — ages about 5 to 15 since the age of about 30. The only time it becomes a sexual attraction is with girls who appear to be at least 19 or 20 — still highly inappropriate, given my age, I know. Also, rarely, am I attracted to a woman older than say, 35 or 40. When it comes to children under about 15, I am simply taken by their beautiful skin, silk-like hair, perfect features, etc., but, thankfully, never have sexual urges towards them. Sometimes they look so absolutely perfect that I just want to stare at them (if in a picture or movie — not in a public setting because I realize it wouldn’t be normal or would be misread as sexual attraction). Is there somewhere I could learn more about this or do I have a one-of-a-kind condition?",Magnification,,A,0.107,0.375,labeling,0.223,,0.206,0.242,,,,
4574,"I am a college focused girl and to others, it may seem that the only troubles in my life are balancing Advances Placement classes. In the past year, however, I have been encountering many signs of Borderline Personality Disorder in my behavior which seem to be rapidly growing in frequency and magnitude.",Mind Reading,,A,0.108,0.336,overgeneralization,0.32,,0.17,0.229,,,,
4674,"My girlfriend is grieving over her ex-husband. It’s been a year and a half since his death, and she has grown very distant. It feels like she takes all her issues out on me. She is generally hateful to me, never shows me any attention, and list goes on and on. I seem to get the brunt of things. It seems like there is no hope for us. I don’t understand what she is going though. This problem has seemed to have snow balled since the anniversary of his death. Things for us are very complicated we live together and we both have children. She is the love of my life and I’m trying to hold on in hopes of this passing, but I don’t feel loved back. Can you help me in any way?",All-or-nothing thinking,,A,0.108,0.482,mind_reading,0.356,,0.281,0.219,,,,
4,"Me and my sister in law are both pregnant right now. And I’ve been noticing the inconsistency of level of care about our baby from my fiancée side of the fam. This situation really has me depressed, and unsure what to do. for starters my sister in law and that side of the family has made it a competition between the babies, I don’t want it to be a competition. It always who can do what first. Then we notice that their side of the family doing all these things for their baby and not ours.if we happen to go visit them, and someone asks about our baby, someone always brings up the other baby and that the other baby “does it bigger” basically. And they are always all over my sister in laws belly, never once mine. They have literally cried over feeling her belly, never even touched mine once. No one ever asks how my baby is doing. I just want it to be equal, and I don’t know what to do. I need some serious advice. I don’t want this to continue when both the babies are here (which will be very soon), I don’t want my child noticing it either.",Mental filter,,A,0.108,0.478,fortune_telling,0.369,,0.325,0.214,,,,
297,"My mother has always been very controlling so when it came to graduating high school, I was very excited to be going off to college. However, my mother, who insists that she “would rather die than live without” me, continuously threw temper tantrums and complained to every family member possible until I caved and went to a university close to home. For the past 3 1/2 years, I have been commuting back and forth. I felt like I have missed so much of the college experience and have such little freedom compared to everyone else my age.",Emotional Reasoning,Magnification,A,0.108,0.435,overgeneralization,0.276,,0.21,0.145,,,,
462,"From a woman in the U.S.: I had a therapist for 8 years and she knew literally everything about me. I had to stop seeing her 3 years ago when I entered a DBT program. I knew in my head it was probably best to move on and not return to her. However, I still miss her terribly. I know she was in my life for a reason, and if I did go back to her, that’s going backwards and I want to move forward. She showed me a love that I’ve never gotten anywhere else. She was probably the most important person in my life – ever.",Should statements,,A,0.108,0.535,magnification,0.435,emotional_reasoning,0.376,0.202,,,,
541,"I can’t grasp how many women my boyfriend has been with. My boyfriend has been with more people than I can imagine. He feels rather ashamed of his sexual history. He has had sex with friends, married friends, one night stands, and made friends just to have sex with them. As far as he can “remember,” he did not use a condom with 3 of them (his total number of sexual partners is 15). Since then he has been checked for Sexually Transmitted Diseases (STDs).",Magnification,,A,0.108,0.34,overgeneralization,0.232,,0.171,0.242,,,,
1853,"From the U.S.: For the past 4 years, I’ve been experiencing memories of bad stuff that’s happened as a kid. I have been bullied at school and have issues communicating with people and family. I don’t have to many friends and have a hard time talking with people. I get extremely irritated around a lot of people.",Mental filter,,A,0.108,0.437,overgeneralization,0.49,,0.335,0.195,,,,
2407,"From the U.S.: I am currently on my second medical leave due to worsening insomnia. I have always struggled with depression, but my depression has only worsened now that I am unable to function at work due to sleep loss. I feel therapists and psychiatrists always want to treat the depression and don’t know how to help with my sleep other than medication. I have read everything on sleep schedules, sleep hygiene, exercise, and now my parents want me to go to an inpatient psychiatric ward. The only solution I see there is constant structure and collaboration of care. I have seen sleep specialists and medications haven’t helped me. I will be out for 4 hours and wake up completely exhausted. Just looking for advice as to best next step so I can function. I just received a genetic test from a psychiatrist to check for which medications I would respond to.",Mind Reading,,A,0.108,0.388,overgeneralization,0.259,,0.213,0.236,,,,
4622,"About a year ago I went to my doctor and told her how I was feeling, she told me I had symptoms of BPD and to maybe see a therapist. I never ended up going but I did look it up and a lot/almost all of it related to me. I never thought much of it because I just thought I was a normal teenage girl who liked to party a little too much, didn’t really know who I was, and was sad & insecure sometimes.",All-or-nothing thinking,,A,0.109,0.417,overgeneralization,0.285,,0.254,0.232,,,,
352,"So I met a girl in August and we fell in love with each other, she lives in the USA and I live in Sweden. We soon started to Skype and I noticed how I just can’t speak. Even now after 3 months, I’m still very quiet and it makes both her and me very frustrated.",Personalization,,A,0.109,0.378,overgeneralization,0.252,,0.169,0.24,,,,
615,"From a teen in India: My mom has not been getting along with my dad for some time now. Its making the entire environment of the house very intense. Its like sitting on a time bomb and trying to get it to explode. My mom, she’s very career oriented and we all support that through whatever she needs,",Magnification,,A,0.109,0.319,overgeneralization,0.209,,0.183,0.247,,,,
1164,"I’m 20 years old and I suffer from a Borderline personality disorder, which has been hell to deal with and try and change. I have had admissions to hospital and have been in DBT for a while and while I have made some slight improvments, it hasnt fully helped me.",Magnification,,A,0.109,0.321,overgeneralization,0.272,,0.137,0.239,,,,
4640,"I grew up bouncing from house to house. Sometimes with my mom, but most of the time with grandparents or having my sister look after me. My father left when I was 2 and popped his head in here and there. He and my mother are both addicts. My mother got clean when I was 15, but is still an alcoholic. Because of their addictions, I never really had a real home, let alone parents. I was never able to count on them and they were constantly letting me down. When was 17 and graduated high school I left for college and never looked back. I knew I needed to make something of myself so that I would not turn into them.",Fortune-telling,,A,0.11,0.433,overgeneralization,0.311,,0.208,0.23,,,,
110,From the U.S.:  I have been in a relationship with my boyfriend for 6 years. I do not trust him. I caught him talking to another girl last year but all he says they did was just talk on the phone. He gets angry over everything. Nothing I do or say is ever right.,Personalization,,A,0.11,0.347,mind_reading,0.245,,0.203,0.242,,,,
1522,"Hi, I’m a 15 year old. I was abused and sexually assaulted when I was only 12. I had struggles with an eating disorder, depression, and anxiety through my junior high years. I do go to therapy, but I think there’s something else wrong with me. I have overcome my eating disorder as well as my depression, suicidal thoughts, and my anxiety is much better, but something I thought was normal was just brought to my attention to my therapist. I hear voices. Nobody else hears them apparently. They’ve got names and I can tell which one’s talking. Pan and Jacen talk the most, but there’s Kiri and Winter and others. They are not me and they have distinct voices. Sometimes I feel like I’m being followed and this makes my heart race. Sometimes when I swing or walk on the sidewalk I feel like someone’s going to shoot me or fire an arrow into my back. It’s dumb, but I can’t help it. Sometimes I see strange things that aren’t there. I used to see a dragon in the downstairs bathroom as a kid and sometimes my vision goes white or static is in front of all of it. My sense of time is also pretty bad and I usually don’t know what’s real. I listen to music a lot to ground myself and block out the voices. Pan is annoying, but Jacen is scary. He’s listening now and I can see him smiling and my heart is thudding. I’m scared to talk about this with my therapist because I’m scared of what she might tell me. Plus I think my parents are sick of me talking about my trauma and I don’t want to be a bother. Also, my mood shifts. Like sometimes I’m on top of the world and love everything and everyone and I’m ready to move out and be a doctor, but sometimes I want to die or I want to be ten years old and curl up in a ball and cry. I’m pretty high functioning, but I often feel unsafe walking down the crowded halls at school or at lunch. Sometimes I dissociate. I fade into my mind and I don’t remember anything except that when I’m brought back to reality, time has passed. I usually do this in crowded places. What should I do? Do I have schizophrenia or something else?",Fortune-telling,All-or-nothing thinking,A,0.11,0.538,fortune_telling,0.585,mind_reading,0.485,0.194,,,,
1863,"From the U.S.: For the past few years, I have dealt with increasing anxiety and depression… Lately, it has turned into OCD characterized by intrusive thoughts of guilt and shame over many things. I have often wondered if there is a memory that I have long-suppressed from my childhood that has been a root cause for my issues. Until tonight, I had never been able to recall anything significant at all.",Personalization,Overgeneralization,A,0.11,0.417,magnification,0.337,,0.279,0.16,,,,
1969,"I have been victimized by domestic violence both physically and verbally for four years. Our arguments were mostly related to infidelity throughout our marriage. After leaving him in 2013, I begin to experience extreme psychological torture. I did not understand anything, and could find no one who could explain or assist me. I went to therapy, law enforcement, and reported issues of public endangerment to the FBI. I received n response or help. o, I begin t research, and uncover a world of organized crime, identity theft, and acts of extreme violence hidden in this psychological torture I was experiencing. Again, unsuccessful things had grown worse I begin t experience mental acts of rape, and after identifying the parties involved ( my husband and those who assist him) they begin to threaten my health. So, I have learned to move forward and cope I have even voluntarily stayed four days in the hospital continued to seek therapy, and because of my finding the parties involved begin to treat my life as competition in this mental imprisonment. Everyone I went for help became involved, and I was unable to rely on these resources because of their involvement in this problem. One of my therapist I literally feel he kidnapped me from my body with my mother and created an induced schizophrenia and rape us. So, my back is against the wall what do I do?",Emotional Reasoning,,A,0.11,0.406,mind_reading,0.268,,0.227,0.236,,,,
2437,I been feeling down lately like I don’t know if I having some depressed issues or what sometimes I be feeling like crying all the time. My boyfriend he really doesn’t make it no better. I love my boyfriend but sometimes I feel like he always attacking me emotionally. I can’t tell him how I feel sometimes because he takes it very offensive. I feel like I’m always the wrong one in our relationship.,Overgeneralization,Mental filter,A,0.11,0.528,mind_reading,0.57,personalization,0.438,0.142,,,,
4537,"I’m a 25 year old male. I’ll just start off by saying that opening sentences take me sometimes hours to write (this one took ten minutes).  The same goes for my life – I just can’t seem to get anything started:  Job applications, writing routines, relationships with the opposite sex, you name it.",Overgeneralization,Personalization,A,0.111,0.412,overgeneralization,0.269,,0.227,0.163,,,,
170,From a woman in the U.S.: Well I just found out my man likes a lot of half naked women’s pictures on Instagram and I mean a lot. I feel bad because I thought I’m all he ever wants and dreamed of but it doesn’t feel that way. also he is doing it at the same time we are together like I’m on his Facebook everyone knows we are together but on Instagram I’m not on there it’s like I don’t exist but he’s on there more than he is on Facebook also these girls are opposite to how I look. I feel like he want someone else and is just with me because he can’t get those girls,Emotional Reasoning,,A,0.111,0.48,mind_reading,0.539,,0.34,0.19,,,,
178,"I just wanted everything to go away: I’m 14, and am currently in high school, year 10. As a kid, I was forced to study way ahead of my grade, and my mum used to teach me. Every time I got a question wrong, I used to get smacked with a rolling pin. Or when I made my mother angry, I was smacked, then dragged and thrown into the bedroom. I wasn’t allowed to cry, otherwise she’d punish me more. It was more when I was younger, but I learned not to make these mistakes. I sometimes used to get bruises and stuff. But afterwards, my mother would make it up to me by saying things like “I love you” and “You will always be my cute daughter” and buy me snacks. Otherwise, I enjoyed my mother’s company. But it would confuse me, and still does. The memories sometimes haunt me, flashes of my mother dragging me into a room, and the sinking feeling in my heart as I know there’s nothing I can do to escape. It’s just so confusing. I still don’t know if what she did to me is considered is “abuse”…I know it’s stupid but……it’s so confusing. My father helped me a lot although he was almost always working, he took me outside for breaks in studying and protected me from my mother sometimes. There has always has been two “sides”. My mother’s side and my father’s side. I always had to choose, whose side I was on, but I don’t know. I still don’t know. My parents always fight, then somehow make up, then fight again, and the cycle continues. I don’t know anymore. It’s just so stupid, and I always try not to get involved, but I always get dragged in. I just want it to all go away, but it doesn’t. When I turned 13, I realised I’d drifted off from my father, mostly because he was taking care of my other two sisters, and I was alone. To be honest, I liked being alone. I don’t have to pretend, and I don’t have to act. My mother had also stopped teaching me, she let me have my independence. But since my father was usually out, it left me and my mother alone. She always tries to justify and persuade me onto her side, telling me all these things which I really don’t care about, but it just hurts me. I feel like I’m being torn apart in half. I don’t want to choose a side. Can’t we just live in peace? I have always considered running away, but I have never had enough courage to do so, under the fear that my mother will always end up finding me and scream at me and punish me. I don’t know what to do. I’m sorry for rambling, I’ve never shared anything like this anywhere. Thank you.",Emotional Reasoning,,A,0.111,0.57,labeling,0.484,personalization,0.374,0.197,,,,
422,"I have just ended a relationship last night with a man for similar reasons. I was friends with M for 8yrs and in a relationship for the past 10months. We met on a job in cape town (where he is from) when I was living there and when I moved back to Scotland we stayed in touch regularly throughout the years. After 7 yrs away from cape town I returned Jan this year. We were reunited and that night we got together. But right away it was difficult, verbally abusive in my eyes and I have allowed terrible behavior from him. He has been cheated on the past but I wonder if they cheated because of his jealous nature.",Personalization,Mind Reading,A,0.111,0.339,mind_reading,0.248,,0.217,0.16,,,,
513,From the UK: I’ve been smoking weed with my friends at least once a week for the past year. Recently though (past couple of months) I’ve been smoking almost everyday by myself. I know it’s out of hand and I’m trying to work on it. It doesn’t effect my life in an obvious sense – I still go to uni everyday and go work and do a good job and keep on top of my grades I even see my family once a week.,Should statements,,A,0.111,0.361,overgeneralization,0.258,,0.165,0.241,,,,
631,"From the U.S.: I believe I am bi-polar. I don’t believe in talk therapy, but something is wrong with my head. I don’t know how else to describe this. I am an educator and have serious issues with the fact that I can not control my own brain. Can you tell me how a psychologist or psychiatrist could actually help me without just explaining their job? What kind of help could they give me besides medicine- which I have?",Magnification,,A,0.111,0.321,overgeneralization,0.24,,0.155,0.244,,,,
709,"From the U.S.: My husband and I have been together for 9 yrs, married 5 of those years. When we first got together my boys were 7 and 5yrs old and they got along. A year later we moved in together and my boys could nothing right in his eyes. It wasn’t THAT bad so I told myself it would take time.Every year got worse and not better! I still tell myself it getbetter someday but I think now it will only get worse.",Mind Reading,,A,0.111,0.453,overgeneralization,0.312,,0.298,0.227,,,,
2074,"I don’t even know where to begin. I have taken quizzes and seem to be a candidate for multiple issues. Maybe I am just crazy? My moods fluctuate from normal, to withdrawn/depressed, to excited, to crying, to screaming mad and scary irritable. This fluctuation doesn’t happen in any particular order nor does each mood last for any particular length of time, but they are extreme and they are sudden. When I get angry, most of the time I can’t even remember what set me off. When I break down into tears usually its not justified and I was bubbly and happy just before the crying started.",Mental filter,,A,0.111,0.4,overgeneralization,0.358,,0.206,0.224,,,,
1423,"From a teen in the U.S.: I’m 19 years old, and I have a great fear of developing schizophrenia. It all started when I watched a video about Marina Joyce and her supposed mental illness, and being the idiot that I am looked up the symptoms and noticed something I sometimes do (thought blocking), but I stopped myself from doing that.",Emotional Reasoning,,A,0.112,0.383,overgeneralization,0.276,,0.234,0.237,,,,
2091,"I have a friend (let’s call him A) who usually talks big but eventually doesn’t do much. He got into a fight with his girlfriend because she was being overly friendly with another guy, who I’ll refer to as B (she tends to be too friendly with guys). And since I’m the one he speaks to the most, he comes to me and starts talking about his “wrath” and “uncontrollable anger” and, honestly, I didn’t think he’d do much but I kept B away from him just in case.",Magnification,Labeling,A,0.112,0.414,mind_reading,0.564,,0.232,0.137,,,,
2368,"Hi, Please help. In October 2013, my Granny had passed away due to a long term battle with Cancer. Shortly after this (January 2014) my Girlfriend of 6 years had developed Psychosis and spent the next few months going in and out of hospital. I have stayed with her for the past year and a half dealing with it. throughout the past year, I have had two friends that were getting rather violent and angry towards me and stopped talking to me as a result in April. I had a friend commit Suicide in May. I have other friends whom I talk to and see every now and then, However I feel as if they are avoiding me.",Emotional Reasoning,,A,0.112,0.431,mind_reading,0.339,,0.249,0.226,,,,
2440,"I’ve had social anxiety disorder most of my life and have coped with it well until it seems recently. Lately, I’m sad and upset all the time, I cry often over nothing more than my thoughts, I don’t get out of bed, and I’ve called out/left work early just to be alone. I feel numb or sad, and I also feel really worried that my boyfriend doesn’t like me anymore or is cheating (though he has given no reason for me to feel this way). I thought it was just anxiety at first, but this isn’t a panicky feeling, this is just utter despair. This is not the first time I’ve experienced this, but the last few times I thought it was circumstantial. Usually this lasts about a month or two before I go back to normal. However, last summer I experienced what may have been hypomania for a month and a half — I had sexual relations with multiple people in a short time, drank heavily every night, and didn’t sleep for a week and felt great. I thought I was on top of the world, that everyone loved me, and I could do anything I wanted. Now I feel utterly worthless, unwanted, unloved, and alone. At this particular moment in time, I feel awful about myself and my life, but I can’t sleep and I feel more awake than I’ve felt in weeks. I’ve been considering seeing a psychiatrist for social anxiety again for a while, but should I consider addressing this issue, or am I worried about nothing?",Mind Reading,,A,0.112,0.586,magnification,0.524,mental_filter,0.517,0.186,,,,
4682,"Good day. I am an 18 year old Pakistani girl.My mother has been receiving treatment for schizophrenia for almost 25 years .She is a very unique case . She was an extremely brilliant student and was admitted to a well reputed medical college . There , she was unable to adjust because of a sort of phobia of flesh and dead bodies( which were included in anatomy dissections ),watching deliveries worsened her condition leading to a decision of abandoning the medical studies. She graduated privately and joined the teaching profession. She had always been an aggressive person .She was also very arrogant as “she was a perfect beauty with brains” women. Finding out about painless delivery she agreed to get married .She married my father( it was an arranged one).She has revolting point of views about religion, and lives in her own fantasy world .She sort of thinks that every man is after her. She also thinks that people are conspiring against her. She hates her her mother and her brothers .She has been receiving treatment from various psychiatrists but nothing has helped much.She is currently in an institution called Fountain house. But she does not cooperate much with her therapists as she thinks that she is much more intelligent than them.She does not accept her disease and thinks she has Insomia only. Another thing is that she cannot sleep for more than 3 hours a night without medicines. Presently she is taking 5 anti- psychotics .The names and doses are listed below: ziapine 100 mg 4 daily seductil 100 2 daily Ativan 2 daily Neurolith 1 daily Dosik 5 mg 1 daily Kempro 5 mg 2 daily Clonatril 2 mg 1 daily Injections ( fortnightly) Zyclidine 10 mg Fluefin Please do not disappoint me. I am myself a medical student and an only child .Dealing with my mother becomes very challenging as she is very very aggressive at times. Thanking you.",Labeling,,A,0.113,0.334,mind_reading,0.34,,0.184,0.229,,,,
240,Sometimes when someone does me wrong I will bring it up to them the next I see them. I’m very bold in my expression I am calm but usually I will be insulting and ask them why they did it. I’m usually quite the ass and wish them the worst luck in life. Simply because I believe that everyone should show some remorse for being rotten. Most people don’t seem to care less and say that I need professional help. I guess my question is do I? When I talk about these situations I’m not talking about simple mistakes. For example a woman I met in a online dating site 7 years ago after 3 weeks of deep conversation suddenly broke all communications and that was it. No explanation. I let it go. But today I saw her on the same site still and basically told her that it was a bs thing to do and that I’m glad she’s still struggling to find love because she didn’t even give me a chance and that’s what she gets for not even trying. She says I should seek help. It’s not normal to hold that kinda anger. Thing is I haven’t thought about her in years. Just suddenly seen her today and messaged her that simply because it would have taken 2 sentences of saying sorry not interested instead of just ignoring someone with no reason. Do I need help? Because this type of situation has happened often in my life.,All-or-nothing thinking,,A,0.113,0.495,mind_reading,0.379,personalization,0.358,0.216,,,,
817,From England: We had an argument with our teenage son who was rude and insolent. I handled it wrong. I got angry and shouted at him. I told him to stay at his grandmother’s house until he learned manners. But his grandmother has taken his side and my brother has too including taking him on a shopping spree and spending hundreds of dollars on him.,Labeling,,A,0.113,0.322,mind_reading,0.303,,0.227,0.234,,,,
2499,"From UK: Hi, I hope you might be able to give me some advice. I’ve never had a problem making friends, although I’ve always been selective about who I let get close to me. I am not someone with huge friendship groups though I have lots of individual friends. I do have a group of “best friends” that I met at uni 10 years ago, 3 of whom I am closest too and have stayed in touch.",Magnification,,A,0.113,0.339,overgeneralization,0.229,,0.151,0.248,,,,
4668,"I am 25 years old and married and I currently have my 27 year old sister living with me. She is the nicest person you will ever meet but we have a few major problems. I sometimes think that her mind is stuck back in Jr High/High school. Most of the people that she makes friends with are of high school age, and she tends to look up to them and identify with them and is almost obsessed with television shows that depict the lives of school aged children. Where most people our age would worry about their jobs, bills, retirement and so on, she is only concerned with makeup, hair, music and her friends. She is also extremely gullible. She will believe anything her friends tell her but will never, and I do mean never, listen to the advice of those who love her.",Should statements,,A,0.114,0.363,mind_reading,0.321,,0.25,0.23,,,,
913,"From a teen in the U.S.: I was wondering what I should do. I am 18 and I just started taking online collage classes. I attempted to go to in person classes but I had panic attacks and I dropped out. For the last two years I only leave my apartment to go to the movie theater and grocery store. I also go to doctors and therapists, but recently my mom and I made the decision to stop trying to find the right fit of therapist and just focus on school. I also am having problems going to my Psychiatrist now.",Mental filter,,A,0.114,0.366,overgeneralization,0.238,,0.212,0.245,,,,
4600,I want to move back to Chicago where i grew up. I’ve been unemployed since august working parttime at Macys (on call) I”ve lived in Houston for 16 years and am miserable. I hate it here. but i have two kids (6 and 9) and have been married 12 years. My marriage sucks. I can’t stand my husband. Everything he does agitates me. We fight all the time. We have no money and it seems to get worse everyday. I wouldn’t be surprised if i lost my house one day very soon.,All-or-nothing thinking,Overgeneralization,A,0.115,0.459,overgeneralization,0.322,,0.307,0.172,,,,
1482,"Hi :) So I recently broke up with my boyfriend and best friend (two months ago). I am at rock bottom as I’ve experienced rape, abuse, dropped out of college to pursue my ambitions but it’s not working out. He was also going through a lot, a life changing surgery and recovery. He broke up with me because he felt that he needed to regain his strength alone before using his energy on a relationship and would like to meet up after he regained his confidence. I had accepted his decision and we remained best friends. He asked for space which hurt me as I need support during my trying times and I’m getting support from my friends but not from him. He ignored my email when I explained how I felt. I feel like it’s unacceptable to ignore someone at their worst as I was there for him at his worst. I don’t know if I can forgive him for this. Am I overreacting? We were always great at communicating but now he refuses to reach out and ask how I’m doing. He’s not there for me at my worst so he doesn’t deserve me at my best? Is this rational thinking? (From South Africa)",All-or-nothing thinking,,A,0.115,0.487,mind_reading,0.611,personalization,0.363,0.18,,,,
4560,2 Weeks ago I was sitting on the couch watching tv. and all of a sudden I felt unreal. Like I was detached from reality.. my whole living room became a picture. and I started having a panic attack. And it has been straight like that ever since. I was sooo out of reality that I didnt even know what was happening around me. I have felt fake and unreal for 2 weeks now. It dosent go away.. and when I am having fun an trying not to think about it.. its always in the back of my mind that I am a schizo and that everything is crazy. Please help me ! I cant get an appointment with mental health until next week sometime. I don’t know what to do in the meantime.. I’m pacing around my house out of breath all day. I’m shaky and in a panic. it wont go away!! And my chest has been aching. Please halp me.. Also.. time has been flying by.. I remember everyting I have done.. but as soon as im done doing it its like it was fake and it didnt actually happen. I remember the visuals but not the feelings. I am horrified.,Fortune-telling,Labeling,A,0.116,0.534,magnification,0.539,emotional_reasoning,0.443,0.171,,,,
354,"I am in a relationship for the past 8 months and have been really happy in it(although I don’t know what happiness is because I don’t remember the last time I was happy). My boyfriend is a year and a half younger to me yet is my senior in college(because I dropped two years between school and college). He is a very nice guy and absolutely lovable, and am his first girlfriend. In the initial days I told him briefly about my past 3 relationships and thought he’d be fine with it, but it turned out after a few days that he wasn’t able to take in the fact that I have been with others before him and started having a million questions. I answered patiently and eventually one day lost my cool as the series of questions wasn’t ending. He said he realized he’s having a severe retroactive jealousy and he can’t help it that he’s haunted by my past. He finds it too difficult to accept me as I am. Although I lost my virginity with him and never as much as even kissed any of my exes properly(only had pecks), he finds it difficult to erase such images of me with someone else from his mind. He says he’ll get mad one day because it’s getting out of control. We both love each other a lot and can’t even breakup(although we’ve tried) and it’s impossible to give up. But how long will it go on? Need suggestions and help to help him recover from it.",Magnification,,A,0.116,0.421,mind_reading,0.446,,0.24,0.212,,,,
562,"This issue started a long time ago: anything i start whether its a puzzle, A game or even a social relationship. I’m 16 years old i got no friends and no hobbies. i am seeing a psychologist and a psychiatrist. i got a social phobia even though people at my school are trying to befriends with me but i seem to consistency pushing them away. not on purpose of course. i really want to do something with my life but have no idea what. When I asked my psychologist what can i do about it he said there is no solution. i use to play guitar and violin but i quitted both. what should i do in order to finish the things that i do?",Mind Reading,,A,0.116,0.486,overgeneralization,0.342,,0.28,0.228,,,,
1290,"I am in a relationship with a 49 yoa male who has not had a lasting relationship in 19 years. He is a realist, recovering alcohol of 25 yrs, does not believe in Western Medicine and speaks the truth about everything regardless of feelings. We have had challenges from day one but the most recent challenge is that he has enacted stipulations that we will not attend public events together, we will not eat at restaurants together, we will not attend a movie together, etc – all because he believes I am unable to control my behavior/emotions. For example, we attended an event in which I ran into a male who had caused a serious injury to myself in which I almost lost a leg. I have not seen this male since the final court date.The male dragged out things out for years causing me more money and frustration to collect on his criminal restitution. Yes, I was surprised to see him at the event, told my bf who the male was and expressed disgust of seeing him again. I did not approach the male or speak to him. The whole incident/my behavior last possibly 5 mins before I collected myself and went back to having a good time. Since that event, my bf believes I have anger issues and can not be trusted to “stay in the moment” with him therefore he will not attend any more events with me because he “will not put himself” in that situation again. Nothing I did or said should have affected my bf therefore I am confused to say the least. He explained it as why should he feel uncomfortable or give support to me for something I should have dealt with already. He does not want to go to the movies because I once mentioned I was uncomfortable in the seats however we have since gone to two movies with the new seating and I have been fine. He knows that but for some reason has decided all of sudden to issue this stipulation. I believe this is controlling manipulative behavior, possibly passive aggressive and punishment for things I may have done or said that he will not forgive me for. I do not believe this is normal but he has me almost convinced I am at fault for these stipulations. Please help me understand what is going on. (From the USA)",Personalization,Should statements,A,0.116,0.42,mind_reading,0.644,,0.251,0.151,,,,
73,"From a young teen in the U.S.: I think i may be depressed or have some sort of depressive disorder. No one believes me when i try to explain it to them. Around march 14th or 15th of this year i was hospitalized because i was exhausted for no reason, i was drinking water but wasn’t staying hydrated. I was also not eating, i was always feeling down and sad, and i couldn’t sleep at night. I was diagnosed with insomnia and my parents just used that to make jokes out of.",Overgeneralization,Mind Reading,A,0.117,0.337,overgeneralization,0.245,,0.185,0.166,,,,
1102,"I have had depression and anxiety for years. My depression is getting worse as well as the anxiety as I get older. Some days, I can’t even get out of bed because I on those days, I wish I would have died in my sleep. I can hardly function anymore. I see a doctor, and I am on medication. I am a good patient and do what my doctor tells me to do. But no one in my life understands the depth and seriousness of my depression. How can I get the message to them what living like this is like? What resources are available for them to help them understand what I have to live with everyday?",Magnification,,A,0.117,0.408,mind_reading,0.461,,0.246,0.21,,,,
4693,"I have a problem of automatically looking at things for example shiny objects, or even at body parts of people or even myself. Although I do not have any bad intentions. I don’t understand why it happens it happens all the time. People get me wrong because of this unstoppable habit all the time.",Mind Reading,,A,0.118,0.431,overgeneralization,0.258,,0.238,0.244,,,,
1697,"From a teen in the U.S.: So to begin, I’ve been diagnosed and recieved treatment for depression and an eating disorder, seen 2 therapists, and struggled with self-harm in the past 3 years. Lately I’ve noticed a few behaviors that are bit strange to me. Here’s a list of the behaviors that are concerning me: – I excessive clean my room – When I’m the only one home, I organize the pantry, clean and straighten up the countertops, and try to put everything in order – When I babysit, after the kids have gone to bed, I wipe down all the counter and table tops, straighten paperwork/books and put them in the upper corners of the table, straighten the TV remotes so they are perpendicular to the TV, and put all dishes in the sink – I used to bring all my horse equipment home every weekend to clean it (I don’t ride anymore so this isn’t happening anymore) – I regularly go through all my school work and try to organize it based on class and date – I’m picking at my skin a lot. I pick at my chapped lips for hours at a time, as well as ripping open the skin around my fingernails, and picking off all scabs multiple times – I have very limited personal relationships with people and struggle to make friends – I had 2 childhood friends that I kept for a long time (one for 8 years, one for 10 years) the 8 year friendship ended recently and I really don’t feel like I miss her – When my family goes out of town for long periods of time I don’t really miss them but when they call I tell them I miss them because I feel rude if I say that I don’t – I hardly spend time with my friend (the 10 year friendship I mentioned) I see her maybe once every couple months – ' – I lie a lot and am extremely secretive",Fortune-telling,,A,0.118,0.516,labeling,0.426,overgeneralization,0.425,0.211,,,,
4532,"I had naturally been apprehensive to meat when I was younger. I liked to eat, but I didn’t really like meat (aside from the taste). Then, 6th grade came along, and I started having problems: depression, (the past, not now) suicidal and many other things. Along with that, a lot of changes were entering my life: I was about to enter junior high, and I had insomnia. Then, I decided to become vegetarian and anorexic. To tell you the truth, I wasn’t a complete vegan at first. I was “98% vege”, meaning that I ate hotdogs/hamburgers/chicken nuggets/bacon/top ramen soup. In seventh grade, I became full-fledged vege, and continued to have problems. In eighth grade, I turned my life around, and was the food nazi: no food additives, no meat, healthy as you can be.",All-or-nothing thinking,,A,0.119,0.351,overgeneralization,0.289,,0.184,0.242,,,,
4673,"For the past two and a half years I’ve had problems with depression–it’s been mostly episodic although not entirely. My junior year of high school I was depressed (sad, apathetic, irritable, indecisive, guilty, empty, having nausea and headaches)on and off, but in addition to the general feelings of “low mood” I’d have these brief episodes of extreme dysphoria– I was really agitated and felt desperate and hopeless and suicidal and empty and hollow. They lasted a few hours, and there was no trigger of any kind. The next year I didn’t have any of these episodes but had general depressive symptoms on and off. Over the summer before heading to college, I had a pretty severe panic attack, because I was experiencing chest pain and was afraid I was having a heart attack. I’d never had a panic attack before, and I went to the ER. I had an EKG and bloodwork, which was all fine, but after the panic attack I experienced extreme hypochondriacal anxiety and depersonalization for about a month. I also developed visual snow, which hasn’t gone away. I’ve been hypervigilant ever since the panic attack, and when I went to college the hypochondria came back and stayed for about a month and a half.",Labeling,,A,0.119,0.524,magnification,0.579,emotional_reasoning,0.418,0.186,,,,
4699,"My friend died earlier 2011 of suicide; only a few months into the year as a matter of fact. I met her in September 2009 my senior year of High School, and spent time with her every day or every other day, for varying lengths of the day (sometimes a whole class -we had gym for the first half of that school year- and some 5 minute periods before and after the last class, sometimes only those 5 minute periods). We also saw each other at dances and such. And we became close friends, and I eventually considered her a best friend. And, as a matter of fact, had feelings for her beyond friends. We hung out together throughout my Senior year, though it became less in the second half the year (we no longer had gym the second half, though we still met before and after the last two classes of the day with our group of friends, and eventually that half of the year I went to her lunch period to spend time). I took this girl to prom (though nothing intimate occurred as we were not dating), was with her at 3 graduation parties (one being my own), and a few other event though not more than maybe 2. Once I graduated was when we steadily stopped seeing each other. I kept in touch on Facebook, and Texted what I thought at the time was quite a lot (I believe it was once a week or once every two weeks at least), but whenever I asked to hangout, they were always busy. I still considered her close and important friend for all that happened in that year I knew her, because we had gotten very close. This period after we stopped seeing one another at all is the Fall and Winter of 2010. I still tried to keep in touch via text, though today, I’m not sure whether those amounted too much more than “Can you hangout?” “Not this week, sorry.” “Ok.” which I’m frightened may be true, though part of me also wants to say that while some of the texts were like that, many many others were me striking up conversations and asking how her day or week was.",Personalization,,A,0.119,0.346,mind_reading,0.237,,0.217,0.249,,,,
1486,"I’m a 25 year-old male whose father and cousins have/had schizophrenia. I recently moved to Oregon, where marijuana is a legal drug, so I partake recreationally (3-4 times a week). I just started smoking marijuana when I was 24, and really didn’t make it a regular thing until I was 25. I’ve always had a slight fear of having schizophrenia, as I’ve studied mental illness since it’s been a very big part of my life. Recently, however, I feel those feelings have been slightly amplified due to the correlative nature between schizophrenia and marijuana usage displayed in medical and psychological studies. I’ve noticed myself becoming paranoid when under the influence (a common thing, I know). That paranoia usually subsides after I rest, along with the influence of the drug. That being said, I’ve been having some thoughts of being able to change the world. These thoughts occur heavily when I’m high, but also sometimes happen when I’m sober (only much less intense), and usually come in the form of being able to educate people about empathy and kindness (since I’m a teacher and an actor). I’ve also had moments where I try to empathize with people in order to understand what they’re thinking, and maybe even try to “read their thoughts” in order to better connect with them. Do I truly believe I can? No. But I do think I can come close to identify how their feeling in order to better help them with their problems. I can, somewhat frequently, also have quick mood changes into anger depending on circumstances; they usually happen when I’m driving or when I have a lot of stress in my life.",Mind Reading,,A,0.119,0.525,magnification,0.47,,0.28,0.209,,,,
1790,"I have been going to weekly therapy for a year and half, as well as group therapy for the past year (with the same therapist). I am very comfortable with him and feel that we have a good rapport. It was difficult in the beginning because I have a lot of difficulty recognizing and expressing my emotions, but now I think that I have come to trust him. My issues included anxiety, depression, childhood trauma (bullying, divorce, isolation), and a medical condition I have with psychosomatic causes (scarring alopecia). The therapy is not very goal oriented and I don’t have any clear idea on when it might be completed. Though I have gained insight into the way I function and the causes of my distress through much introspection, I can’t say that my issues have gotten much better. I want to believe in him and our relationship…that it can truly help me to form better relationships and minimize some of my depression and anxiety. However, I know I also have to think rationally and evaluate the changes that have been made in the past 18 months.",Should statements,,A,0.119,0.464,magnification,0.273,,0.244,0.242,,,,
2054,"I am 53 and one of 5 kids. Mother left Dad (us) in the ’80s for a woman in another State. She (they) eventually moved back but lived several hours away. We are only now realizing that many of our trials in life have been a result of her abandonment, lies, narcissism, and reluctance to acknowledge her hypochondria (which nearly frightened us to death as kids)or seek therapy for her own survivor’s guilt from when her own mother was killed by a drunk driver.",Labeling,,A,0.119,0.31,overgeneralization,0.203,,0.186,0.256,,,,
862,"I have been in a relationship with a man in his mid-40’s for over a year, and as a couple without outside influences we have a supportive, loving and kind relationship, and rarely a disagreement. We moved around the corner from his mum but the last 6 months it appears she has tried to manipulatively break us up. I’ll give you some examples. She came into our home and placed photos of him as a child on our fridge and around the house. We only ever socialise with her, friends her age, and while we are at those occasions she superficially talks up her son’s talents, and looks, and how special he is. My partner lovingly tries to talk about things me or my family are also doing, and every single time she changes the subject, or worse, talks about someone she distantly knows that did the same thing or better. My partner tries to enable me to be proud of myself and my family too, but it’s always to no avail. She has completely shattered my confidence, that I don’t speak much anymore. We’ve been trying for a baby for over a year and she told me when she found out that he can’t afford to have a child because he needs her permission because he owes her money (he doesn’t owe her much). She then tried to convince me to break up with him and go out with my best friend. They have told me for some time the family does not celebrate birthdays, but recently for my partner’s 45th all her friends starting saying his mum was organising a dinner. He said my mother won’t decide for me who I spend my birthday with. I want to spend my day with you.. Next thing, a motorcyclist had bumped the side of her car, no one was injured but he said his mum was in a catatonic state. He then told her she could organise her dinner because she wanted to. We got there, and she had pulled out of her catatonic state pretty brilliantly, with balloons you’d see at 12 year olds party and her two closest friends. I couldn’t get a word in much at this dinner, but one of her friends said she was looking for a husband, and his mum said, darling you should marry her. It’s all caused me so much pain. (From Australia)",Magnification,,A,0.12,0.403,mind_reading,0.492,,0.219,0.209,,,,
1578,I was abused as a child along with my 2 brothers and mother. Our relationships with each other as adults tend to be rocky. My brothers are explosive towards anyone when mad. my mother puts us against each other at times. From another marriage my mom had my youngest bro who I was the main caregiver To when she was diagnosed with breast cancer and received treatment since it was 15 I cared for my special needs bro for 11 years doing all his personal care my life has revolved around him. My parents tended to be controlling of me cause of this. Always needing me home never allowing me to have independence without some sort of threat. I ended up self-harming again those last 2 yrs in the home. I was stressed and overwhelmed. I ended up meeting a man that I now call my husband and I’m in a very healthy and happy relationship. However I made the decision to move without warning to my parents. And they reacted as I suspected my one brother cursed me out. My mother told me I was a bad sister and that I wasn’t allowed to see my brother whom I cared for. My stepdad refused to see me. And so I left. I have tried to maintain a relationship with my family. But my mother is constantly finding reasons to not talk to me or remind me that I’m bad for leaving. My special needs bro I have had no contact with as she says he misses me and only will make it worse. My other brothers are mad I left and cut off all communication. And I’m starting to feel like I should just quit trying. I want so bad to have my family. But I don’t know how to fix this? I have said sorry for hurting their feelings for a year now but we haven’t made any progress.,Should statements,,A,0.12,0.538,mind_reading,0.596,fortune_telling,0.493,0.182,,,,
884,"Over the past two years, my mom has been seeing a local LCSW for therapy. Repeatedly, Mom has told me about telling her therapist about my life and her therapist giving her recommendations about me. Her therapist is revisiting a one sided story and giving one sided advice that is causing me serious stress, as my mom now feels she’s an expert on her adult daighter’s life, but doesn’t seem to be talking about herself in therapy. I’m not sure what steps are appropriate to take in this regard. Can I take a no contact order, which includes third party informants, out on a therapist? I personally don’t have anything to hide from this therapist, I just want to make it abundantly clear that she should be redirecting my mom’s therapy session back to my mom instead of talking about me. If I wanted her to know about me, I would see her myself.",Magnification,,A,0.121,0.348,mind_reading,0.432,,0.178,0.221,,,,
2371,"So basically my entire childhood has been deeply traumatic. Since I was 6, I lived with my abusive mother (my parents are divorced). I’ve been chronically depressed for as long as I can remember and I have been spiritually interactive as you could say. From age 7, I could see demons in my waking and sleeping hours (Not to mention I had two childhood friends witch happened to be very terrifying demons that have haunted me for basically my entire life). I have had countless interactions with demons and angels. I have attempted suicide 4 times now. Some of the time I sort of laps into a insane mood when I am alone (about once every week or two) witch is full of uncontrollable shaking, self harm, very sadistic and psychotic thinking patterns, uncontrollable crying, rage and basic psychotic disorder symptoms. I am constantly paranoid and I suffer from severe depression, anxiety, insomnia and compulsive self hate. Keep in mind that I am currently 13. I have received little to no help with my mental problems and have a horrible habit of shoving everything down and hiding what I really feel (therefore my emotions are excessively raw and can overwhelm me at the slightest probing from my mother or basically anyone). I 100% consider myself to be unstable, but I am not sure about insane. Do you think I have Schizophrenia or Psychoses? Thanks for your time!",Mental filter,,A,0.121,0.366,overgeneralization,0.288,,0.16,0.245,,,,
237,I suffered from traumatic brain injury and have sense found out that i have a higher chance for certain conditions like Alzheimer’s and Parkinson’s disease. Since finding out i do not want to enter any love relationship because i feel it is unfair to ask someone to be ok with the higher risk involved with that. Is there any kind of mental illness that could be causing me to feel this way or am I kist choosing to live my life alone even though I am lonely?,Overgeneralization,All-or-nothing thinking,A,0.123,0.497,magnification,0.319,,0.24,0.164,,,,
1150,"From the Netherlands: About four months ago, my fiancé started meeting someone else with whom she had “a connection”. She was suffering from depression and this other person “could perfectly understand what she was going through”. This made me jealous of that person because I thought I was going to lose my fiancé.",Fortune-telling,,A,0.123,0.391,magnification,0.258,,0.211,0.249,,,,
1829,From the U.S.: I have been married to my husband for 3 years. His family is out of the country and visit us for 3 to 4 weeks every year. He has a younger sister who is very attention seeking and comes and lives with us for a month every year. She never tries to get friendly with me and is very clingy to her brother – my husband.,Labeling,,A,0.123,0.306,mind_reading,0.233,,0.227,0.253,,,,
2507,"So I’ve been dating my boyfriend for almost 2 years now. We recently bought a house! He’s an amazing guy, perfect in fact, until he gets mad! Well when he gets stressed or something doesn’t go his way or something goes wrong, he screams so loud and cusses at me even though I didn’t do anything! He acts like a crazy person! It scares me! It can be so little as in the dog is barking at the door or I ask him a simple questions and he doesn’t agree with it! Then he looks at me like I’m dumb and I should be freaking out with him! He always says I don’t have a care in the world, but I’m the type of person that doesn’t get stressed or angry easily. If I can’t do anything about it, why get mad? I believe life’s too short too be stressed and angry all the time. I try to find good in any situation, if that makes sense!",Mental filter,,A,0.123,0.563,labeling,0.466,personalization,0.465,0.206,,,,
1777,"By all accounts, I should be highly successful. I know this because people who don’t know me that well are always impressed by me. I am fairly good looking, have a high IQ, am witty, charming, can strike a conversation with anyone on anything and can come up with solutions fast.",Should statements,,A,0.124,0.438,overgeneralization,0.351,,0.323,0.232,,,,
4570,"For the past few years (5-6 years) i have been finding it increasingly hard to make friends and keep them. 2 of my grandparents have died recenently and things seem to have gotten worse. To start, i cant focus in class (before grandparents died)and this has been also getting harder to deal with. As soon as my teachers start talking my brain sort of trails off, it is not just at school, even when im playing video games in the middle of the game my eyes catch onto something and i just stare for a while.",Personalization,,A,0.125,0.448,magnification,0.336,,0.326,0.234,,,,
343,"My boyfriend and I have been together for almost 4 years and have been living together for a little over 3 years. About a year ago his friend stayed over at our house while we were out on vacation, I’ve never met his friend before and only said yes because he said his friend was trustworthy. His friend ended up bringing over a female coworker and not letting us know but I found an eyeliner so I was upset and asked my boyfriend to talk to him since he didn’t want me to talk to his friend myself. Fast forward to last night his friend (the same one) called me my boyfriends ex-girlfriends name. Keep in mind this guy has been at my house and my boyfriend and I have been together for 4 years. I got upset and ended up leaving early because I was so mad and didn’t want to make a scene with someone I barely knew. Before I left I told my boyfriend he needed to talk to him because his friend disrespected me and made me wonder why he would call me someone’s name who was in my boyfriend’s life over 4 years ago. He said he talked to him and told him to apologize to me so his friend tried to add me on Instagram to apologize. I want nothing to do with his friend and I’m upset that all my boyfriend did was have a talk with his friend that I made him have and then went on to act like nothing happened. Now we’re arguing because I’m afraid my boyfriend doesn’t respect me since he did absolutely nothing except what I asked him to do. I feel like I shouldn’t have to deal with after being with him for 4 years, we also just bought a house together 3 months ago. Am I wrong to want him to do more than just talk to his friend (a talk I asked him to do) ? He thinks I’m being unreasonable and doesn’t think it’s a big deal since his friend made a mistake.",Emotional Reasoning,Mind Reading,A,0.125,0.484,mind_reading,0.719,personalization,0.395,0.223,,,,
1431,"How do I stop myself from losing control, all of sudden I will be freaking out screaming at the top of my lungs at my bo? I have been dating my boyfriend for 2 years now and we are certain we are going to spend the rest of our lives together, but will wait a few more years for marriage. I love him so much, but we have these huge horrible fights. For example today, he came over for lunch today and everything was great, I found out he had Saturday off of work, so I said we should plan something. And he thought I was yelling and I did not think I was, he said that we don’t have to have this perfect day like in the movies, but I was just excited to have a day off together and wanted to plan something so he did not make plans with others.",Personalization,,A,0.125,0.345,mind_reading,0.241,,0.182,0.255,,,,
2492,"From Denmark: Hi I’m a 15 year old boy. I think I’m getting/having a depression. My dad suffers from depression, my sister from anorexia and my mom sometimes cries a lot because of all the bad things that has happened. I took a depression test on the web and it said I had extremely high score on Cyclothymia and I have all the symptoms from it. I don’t know what to do. I dont know how to tell my parents. They have already been through soo much and are still not good and my sister refuses to get help and she’s 18 now so my parrents can’t force her. I always keep my emotions in and I realize now that I really can’t get them out. I can’t cry no matter how much I try and I haven’t cried for a year or so not even from pain — 2 months ago I got a big piece of glass all the way through my finger and it got stuck. After I got it pulled out at the hospital I had a huge hole but I didnt cry even though it hurt like hell",Personalization,Should statements,A,0.125,0.539,magnification,0.537,,0.341,0.158,,,,
4629,"I was a victim of DV. Felony Attempted Murder and sought treatment to help me find my way out the PSD. I began treatment with a woman and after about 6 months we entered into a personal relationship. She spent Christmas day with my family, her birthday, movies and shared her financial woes with me. Her wages were to be garnished and I worked everyday for about a week to help resolve this issue for her. I made many telephone calls and did intensive research. About six months after beginning the personal relationship she summarily dismissed me after a session by not giving me a future appointment. No explanation what so ever. I became so frustered and upset that I just left. I have tried to communicate with several times for an explanation and have not received a response. At the least to me her behavior was unethical, unprofessional and down right mean. She has no remorse regarding the pain she has caused me. I believe she has done this before and will do it again..no one should be subjected to what she did to me. She has more than enough hours, a masters and her PHD and doesn’t have a license with the BBS. I am about ready to contact the director of the couseling service and filing a complaint with the BBS. Another therapist will verify my story as well as my family.",Mind Reading,Labeling,A,0.126,0.397,mind_reading,0.525,,0.238,0.216,,,,
697,"When I was really, really, young, I used to think I had the best mother in the world because she was really funny and kind, although she was quite strict on me about my studies. However, as I grew older and became more mature, I realized that how my mother acts was not normal for someone her age. Whenever she wants my sisters and I to help her with something, she would speak in an incredibly high pitched voice. She also would not ask us for help directly, instead she would say something like ‘If only someone can help me do…’ or ‘We are eating so much today. There would be a lot of dishes to clean’ Most of the time my sisters and I would get the hint and help her around. However, sometimes we would think of it as just a casual statement and my mother would start throwing a huge tantrum. Furthermore, my mother is really insensitive or ignorant about our feelings. She would always call my sister and I fat when my sister and I are actually quite petite for our age. She would also go on a very strict diet and try to compete with us. Like if my sister or I lost any weight (not really on purpose), she would try to lose double of that. My mother would always stand in front of the mirror and just stare at it for a few minutes. Whenever I have any problems that i try to tell her, she would just brush it off or make everything about her. When i told her about some friendship problem i was having, she would be like ‘I had a lot of those when i was young…’ and end of with ‘You know, you’re exactly like me’ and im not trying to be offensive or anything, but i really don’t want to be like her. Even from when i was young, she was always very violent when she was angry and she would break a lot of furniture but i thought that this was a normal adult behavior. I’ve begun reading a lot of books about narcissist but I know its not good to diagnose her using these books. (From Singapore)",Should statements,,A,0.126,0.427,mind_reading,0.532,,0.263,0.206,,,,
985,"It took me a very long time to learn to trust my therapist. Recently my trust has been shaken. It’s complicated but I feel like I have trouble making myself understood, and sometimes I feel like my therapist is patronizing me, and that my therapist is tolerating me rather than appreciating me. I got into the habit of emailing my therapist between appointments when I became anxious or melancholy, and my therapist would tell me that we could talk about it at my next appointment.  I recognize that I have issues and things to work through, but when these issues come up I feel crowded, and I feel like I’m being pressed to change my viewpoint when I think I would like have room to think. Part of me doesn’t want to return to therapy.  Part of me wants to go back, but if I did return I think I would like to tell my therapist: I think I need to be more careful about what I share.  I recognize that I shouldn’t email my therapist between appointments, because its asking her to work for free and I should be able to deal with things myself.  I want to take things slowly and ease back into therapy.  What do you think?",Emotional Reasoning,,A,0.126,0.564,mind_reading,0.558,personalization,0.538,0.191,,,,
1798,"Let me begin with the symptoms I have had all my life. Ever since I was little, I have been anxious in large crowds, especially in crowds full of strangers, so much so that I spend a lot of my free time, not at work or school, at home. Time outside in situations with people, I find myself struggling to find a topic of conversation, or continuing on with a subject. I find myself saying things at the wrong time, or reacting oddly to other people’s reactions. At times, I seem to incorrectly read people’s emotions, whether spoken or not, and I tend to get angry and frustrated when there is no need to be. Because of this, I am conflicted, because when I am at home, I wish to be out with people doing something, but when I am around my friends and family, though I do enjoy it for some time, I end up wishing I were back at home.",Mind Reading,Should statements,A,0.126,0.558,magnification,0.483,,0.347,0.169,,,,
2024,"Recently became very depressed and really felt like ending my life. I also have a dissociative disorder (de-realization – though I did not know until recently what the symptoms were called), I suffer from frequent nightmares, about 1 every 10 days, I was abused and neglected as a child. I only did anything about this 3 months ago when I became very depressed. I have been in Therapy 3 months. Ok, someting very strange I have noticed is that I’m unable to visualize my therpaists face (no problem recognizing her) it is truly bizare as I have no problem with anyone else I know, I have an excellent memory and very good 3D visio-spacial, I’m very good at visualizing situations I’ve been in and can visualize people in meetings from months ago even having only seen them once. I’ve sat looking at this lady for over 15 hours now but draw a complete blank when attempting to visualise what she looks like (unless I’m in the session of course!) — There is definitely some strange stuff going on subconsciously I think. I’m interested to know your thoughts on this matter, and whether this is a known phenomenon, and what it might mean. Many thanks.",Magnification,,A,0.126,0.355,overgeneralization,0.26,,0.159,0.253,,,,
2143,"I am a sophomore in high school, and since middle school I have had suicidal thoughts, and attempted about twice. But that is not the heart of my current issue. Last year, I started having homicidal thoughts as well. I have thoughts of planting a bomb in my school, or walking into my school or mall or church with a rifle and opening fire. I have no reason to want this, I am not bullied, nor is there anyone I outright hate and want to make dead. To be clear, I do not have any intention of doing this, and this is in no way a threat to commit such an act. But the thought often dominates my thoughts. Planning out how such an attack would go, thinking about how the media would react, ect. These thoughts have started to interfere with my schoolwork.",Mind Reading,,A,0.126,0.51,magnification,0.542,emotional_reasoning,0.392,0.199,,,,
2387,"From Israel: Recently I noticed how many of the things I do are done to get appreciation from people around me. I daydream about putting a good status on Whatsapp so that some specific girls will see it and think “He is funny” (I avoid acting on this). I dream of saying smart or funny or sharp things just on the right time. I keep helping people on a big Facebook group of help, and wait for the people to thank me, or just know that others that see it know how smart I am and how funny and helpful. When I talk to people and they laugh, this is what makes me happy. It’s like all the things I do are done to be appreciated. It’s an addiction. Some of my life decisions were based on the will to be seen by people in a good way. My happiness depends on the approval of others!!! Even writing this question is for you to think how smart I am, and think of my poor situation. Can you give me self help ideas and book names to get out of this, and start discovering and doing what I WANT to do? Thank you very much.",Emotional Reasoning,,A,0.126,0.536,magnification,0.349,,0.316,0.233,,,,
4558,"For three of the previous four years I was on several anti-depressants and have always had anti-anxiety prescription drugs available. This year i’m not takking any anti-depressants because they never really helped. I have only a few exams left and then my master’s thesis, but i can’t do anything. i escape into fantasy and SF films and novels- the only thing that shuts me and the world out for some time.",Mental filter,Overgeneralization,A,0.127,0.385,overgeneralization,0.291,,0.214,0.181,,,,
292,"From a teen in Chile: Hello, I’ve been meaning to ask about a problem I’ve been aware of since early 2018. I realized I talk to myself out loud way too much. At first I decided to do some research, and found out that talking to yourself was a sign of intelligence, so I didn’t think much of it (Mumbling, reminding, talking at loud, ect). But soon I realized it weren’t the only thing I did, I basically narrate my life all of the time, like people were hearing about my life, experiences, struggle, normal activities, anything. I tried researching about this issue, but my attempts  weren’t successful. Now don’t take me wrong, I DO NOT have an imaginary friend, or see people. I just find myself talking like If was being heard by an audience, people, even though I’m aware I’m alone. Everything I’ve said until now, is something I would easily say out loud, alone.",Should statements,,A,0.127,0.39,overgeneralization,0.278,,0.225,0.249,,,,
111,"Basically, I was extremely happy with my boyfriend for months and then we went on a holiday. On this holiday, I met his cousin and my boyfriend and I supported him at the time as he was going through friend issues. Consequently, my boyfriend became closer with him and so did I – to the point where we started introducing him to our friends that my boyfriend and I mutually share and are very close to. A few months later and the cousin has really been disrespectful towards me – he has been rude etc. Or thinking he can talk to me or treat me a certain way. To the point where it has caused me mass anxiety. Now, my boyfriend feels in the middle and I just want things to go back to the way they were before the holiday where he wasn’t involved so much in my life (I see him every weekend through the friends I’m close to). My boyfriend does not have it in his nature to cause conflict and therefore leaves the conflict and has not stood up for me. I have reached a point where I feel as if I cannot be with him unless he supports me and stands up for me. For example today he was at a braai and it was obvious I was clearly uncomfortable about him and I’ve made my boyfriend aware of this – yet he would laugh with him and make jokes with him while I didn’t want to talk to him. This is my boyfriends first relationship. Also, he is very emotionally manipulated – he gets scared of this cousin if he makes plans that the cousin isn’t invited to (like will he freak out scared) . I just want him out of my friend group and to see him as little as possible like a family member and not a close friend. I want to hope that maybe , he will even cut ties as much as he could with this person after seeing how badly he has treated me. I just want my number one person to understand that family shouldn’t be this involved in your friend group etc. And I want to feel like he’s in my corner. I don’t know what to do or say – is there any advice you could give me ? We are both 19.",Should statements,,A,0.128,0.515,mind_reading,0.642,fortune_telling,0.432,0.183,,,,
387,"Recently, a friend went on about how much she enjoyed horror films. I’ve always hated them, but found myself unusually disturbed by her enthusiastic interest. It wasn’t that I was scared or found such movies gross, I simply cannot cope with the fact she could gleefully watch people die in horrific ways. This spread beyond the horror genre, to the point I completely stopped watching movies or shows and playing games, or really indulging in anything, that featured violence or death in any way.",All-or-nothing thinking,Magnification,A,0.128,0.376,overgeneralization,0.315,,0.203,0.154,,,,
1818,"I’ve had paranoid OCD for 17 years- but those issues were always based in the real word- that people were lying to me or out to get me. In recent months, I’ve started to believe that I can sense a shadow dimension, where beings that feed on fear have been causing my anxiety issues. I know it’s absurd, but I can’t shake this belief. My understanding was that delusional people don’t know they are delusional, but I am aware that all of this makes no sense, and I want it to stop. I never thought I would say this, but I miss my regular old paranoia!",Should statements,,A,0.128,0.557,magnification,0.554,emotional_reasoning,0.48,0.195,,,,
2113,"From the U.S: Hi. I have been in a relationship for 4.5 years now with a great guy. He is the guy I want to marry. The thing is that I am not ready for marriage yet and I find myself wanting to live the single life, to experience life before I settle down. My current bf is my first serious relationship and I have nothing to compare it to. I also feel like I am missing out on some life experience because I have spent my 20s with him (we started dating when I was 21).",Should statements,,A,0.128,0.425,overgeneralization,0.231,,0.205,0.257,,,,
1877,"From Mexico: I cant talk right, not even when Im alone. When I talk my voice sounds like if i were starting to cry or if i was nervous and it feels like im about to cry i feel this pressure in my throat and i feel very nervous sometimes my hands sweat and shake. 2 weeks before my period ive noticed this gets worse, stress and anxiety worsens it as well.",Should statements,,A,0.129,0.511,magnification,0.497,emotional_reasoning,0.354,0.21,,,,
1911,"I have feelings for my school counselor. I know this is completely inappropriate, and I want to get passed it. However, I am not really sure how to go about doing this. I am currently in therapy, and have been for over a year. I completely trust my therapist, but am so embarrassed and scared of this situation that I don’t know how to approach it. The attraction is somewhat sexual in nature, but I think it may be related to past trauma. I have sort of created three of this counselor in my mind; the one that’s just normal, the one I have sexual feelings for, and the one I just want to be emotionally and physically close with. I have had similar feelings toward other people that I am not supposed to feel that about, but never anything on this level. Does this sound like a somewhat typical response to trauma? How do I go about addressing it, so that I don’t feel this way anymore?",Should statements,,A,0.129,0.53,fortune_telling,0.438,magnification,0.427,0.217,,,,
2088,"im 22  ive been with this issue for a while and i cant seem to permanently shake it.  ive had a deep seeded hate and anger with me for the better part of my adulthood.  cant tell when this started, only know ive had it for a long time. it drives me, keeps me aware and has pushed me to do better sometimes.  though most of the time it shuts me out of life around me and builds back on its self.  i know im not the frist nor will i ever be the last.",Emotional Reasoning,,A,0.129,0.467,overgeneralization,0.339,,0.301,0.238,,,,
4531,"As I’ve been becoming older, I’ve been getting into arguments with my parents. But recently they’ve been happening more and more frequently and I’ve been getting more and more angry each time. Each argument has been about the same major topics: my behavior towards my siblings or how I “disrespect” my parents. But sometimes I can’t help what I say to my parents. If they’re in my face yelling about what I just said or how I forgot to do something, how can I not yell back? My parents say its disrespect, but I feel that they have no respect for me when they’re yelling in my face. But the topic we argue most about is my little brother. He’s 7 and if I do the slightest thing to him he goes and tells and I get the whole “you’re older and need to grow up speech”. I’m sick of it. I feel that they can’t see that my little brother does things that really bother me, and I’m not being dramatic. Like today, my little brother does this thing where he just touches me. I HATE when he does this because it’s COMPLETELY unnecessary. So I hit him back, not that hard just a slap in the arm. Just so happens my dad was walking by at the same exact time. When he saw this he immediately got in my face, hit my arm (and I had to fight back the urge to hit my dad right back), and started giving me a speech (which during I was completely being a smart aleck because I felt this whole thing was not my fault). When my mother got home I got the same speech from her, but she just didn’t understand how I felt! Then while I was in the room right next to the kitchen they started to discuss what they should do to that “devil”. But my defense is that my little brother is just very dumb and a wimp and that my parents baby him too much. But to avoid these confrontations I feel the only way to do this is to COMPLETELY IGNORE my whole family. I’ve been doing this by sleeping all day and my schoolwork is suffering, I also barely eat because of sleeping all day. But these arguments always seem to find their way into my life. Is there any way to get my parents to understand me? How do I deal with 7-year-old brother? Can I just keep ignoring them? Please do not treat his as a teenager being dramatic, this is a serious cry for help. After some of these arguments I’ve hurt myself. I scratched my arm with tweezers and today I dug my own nails into my arm. Some of these arguments have resulted in me almost getting smacked in the face by my dad. I’ve also cried for hours before. So please I’m begging for help.",Emotional Reasoning,All-or-nothing thinking,A,0.13,0.527,mind_reading,0.705,personalization,0.482,0.139,,,,
392,"I’ve been friends with this person for a long time and her mental health has deteriorated in the last few years. Last year my friend ended up in a mental hospital for extreme depression and anxiety. They put her on medication but when she got out she stopped taking it because her family can’t afford it. I feel that her condition has gotten worse. She started attending school again this year but she faces extreme anxiety. She believes her face is ugly, and just recently started feeling a lot of negatively about her body. Her doubts have stopped her from attending social events, etc. I believe that her home life worsens her condition. I don’t know everything, but I know that she spends a lot of time in her room and that her dad does not show a lot of affection. I believe that depression runs in her family but also some sort of abuse has occurred in her past. Her family can’t afford any sort of treatment for her. I try to support her where I can but there is only so much I am able to help and I don’t want her to get worse. She has so much potential. She is so intelligent- possibly the most intelligent person I know. She has the potential to go and do great things. Please let me know anything I could possibly do to help her.",Mind Reading,Labeling,A,0.13,0.424,mind_reading,0.314,,0.274,0.184,,,,
707,"From the U.S.: I’ve been having delusions for a long time that people can read my thoughts, and there are cameras everywhere watching me, and that everyone on the street is reporting on me. The problem is, I know these are false so I’m not sure if these are actually delusions. They’re not constant, only there most of the time, but because I have some moments without them I have insight into the fact that they are not true. Some separate rational part of my brain knows they’re not true, even when I’m actively believing them.",Mind Reading,,A,0.13,0.364,overgeneralization,0.237,,0.185,0.259,,,,
737,"From the U.S.: I have a friend who we call each other “best friends”;. however she is not really open to me. I have invited her to meet my family around 5 times. always rejecting and coming up with excuses. I invited her again for the last time hoping it would be fine to meet my cousin and sister at a restaurant. so it would only be us 4. She replied in a sad tone (voice message) saying her heart is beating fast, shes anxious, shaking and nervous, there is going to be too much people, she doesn’t know anyone (although its only me, my sister and cousin). i told her she always goes to restaurants and meets people but whats the problem with this? She wouldn’t tell me what’s wrong and we ended up fighting. She told me to google it for an answer. I googled and only thing i could come up with is social anxiety. she said no. however I have no idea what the issue is. Can anyone help? btw we have been friends for around a year.",Labeling,,A,0.13,0.354,mind_reading,0.328,,0.209,0.244,,,,
826,"From the U.S.: I have a daughter who does competitive Irish dance. From 8-12 she competed regularly and won consistently (13 now). When she hit the highest level within the sport, she started to not do as well. This sapped her confidence and in turn, her desire to compete. She has a natural talent that has gotten her to the place where she is. Now, she has to put in the work to compete against the girls at her level. If she did put in the work, she would dominate. But she doesn’t want to do that and I’m not sure if it’s because she’s lazy or is afraid of putting in the work and still losing. In reality, she still does well, but just not placing within the top 3 like she used to.",Personalization,Labeling,A,0.13,0.361,mind_reading,0.309,,0.248,0.157,,,,
896,"From a teen in the U.S.: I don’t like people. I don’t like talking to people or being around them. I have always been socially awkward and shy but I haven’t always been this antisocial or numb, but ever since I graduated high school and had a falling out with my best friend, I just avoid human contact at all costs.",All-or-nothing thinking,,A,0.13,0.464,overgeneralization,0.324,,0.295,0.24,,,,
445,"Some emotions I feel very heavily, the strongest probably being I’m very passionate about certain things and very empathetic towards almost everything.. But some I cannot seem to feel at all, such as anger. Things that would anger almost anyone truly do not bother me like other people. And I can only think of a handful of times in my life I was remotely angry. And the rest of my emotions, like sadness, happiness, love, excitement and so on, I cannot seem to understand if I actually feel them. When I feel sad, happy, or excited I always feel like I’m partially feeling it, but not completely. Kind of like sometimes I feel 40% happy or 60% sad, but I can’t seem to fully 100% feel anything. Due to this I keep questioning whether or not I feel anything at all or why I just can’t experience true, full emotions. Sorry if this was a bit hard to follow it’s hard to explain this in writing.",All-or-nothing thinking,,A,0.131,0.48,overgeneralization,0.35,,0.326,0.237,,,,
4620,"I have been suffering from bulimia for four months now. I realize the health risks and I know I have a problem. I have been trying to stop for a month now with no success. Before this problem I was healthy and now I fear that all my hard work I have completed over the years to be a healthy person are going down the drain. To be honest I am not sure what started my ED, but my main focus is to overcome it. I know that I have some self esteem issues and I will continue to work on that, but do you have any advice or tricks to stop these behaviors that have seemed to become habitual and uncontrollable. I know that getting professional help is probably the best way to go, but that is not me. I have always dealt with my problems in the past and I would like to give this a shot. So if you have any suggestions or tips to help me slowly stop these bulimic behaviors I would appreciate it so much.",Should statements,Personalization,A,0.132,0.514,fortune_telling,0.509,magnification,0.49,0.152,,,,
743,"From the U.S.: I’m 58 and I’ve been dating a wonderful man who is 4 years younger than me. He is a widower and has a young daughter and 3 older adult children – all from the same wife. He was married for 25 years, is from Europe and is very wealthy. We have a very special magnetic connection. We are together most evenings and have spent an entire weekend together. So we have spent quite a lot of time together and he can’t seem to be away from me for very long.",Mind Reading,,A,0.132,0.327,overgeneralization,0.201,,0.152,0.268,,,,
4567,"Just when I thought I’ve won the seemingly endless battle against my OCD by triumphing over my eating disorder (anorexia, to be specific), common symptoms (checking the switches countless times, washing my hands forever, hoarding) and gotten a hold over my rampaging thoughts, I had a severe panic attack a few days ago.",All-or-nothing thinking,,A,0.133,0.417,magnification,0.318,,0.245,0.246,,,,
484,"I am a senior in college and during the second semester of my freshman year, I met a guy in my chemistry lab. Initially, I hated him because he seemed to act somewhat pompous. But at the beginning of my sophomore year, we began to develop a relationship. Initially, we were just friends and I never really felt any kind of intimate feelings for him. As with any other attractive guy I’ve met, however, I was somewhat shy around him at first but started to feel more comfortable as I got to know him better. But still, we were strictly friends. It wasn’t until the summer between my sophomore and junior year that I realized that I had feelings for him. We spent a lot of time together, as we were both taking the same summer school class. During this summer, I found out a lot about him. I noticed that he didn’t speak about his dad a lot, if at all, and he liked to garden, cook, and was very meticulous about how he looked. I attributed these qualities to the possibility that he was a very proper gentleman, as he surprisingly turned out to be due to the fact that I used to hate him. One of my good female friends met him and immediately told me that he was gay. I disagreed with her. I had remembered him telling me about a girl he dated back in high school, so I assumed him to be straight. But then he had also mentioned that the reason why they broke up was because he told her that they got along better as friends. I’ve heard this excuse from other guys, so it didn’t hint to me that he was gay. During my junior year, he told my aforementioned female friend that he was gay, and she relayed the information to me. My first reaction was denial. I think that I had so severly developed feelings for him, almost on an unconscious level, that I couldn’t bear to believe that he was gay. Later that week though, he told me face-to-face. After that, our friendship didn’t fall apart and I wasn’t distressed. In fact, our friendship strengthened and for a while things were great. I have told him several times that I have feelings for him, and he just laughs it off. I’m not sure if he realizes that I’m serious.",Magnification,,A,0.133,0.391,mind_reading,0.297,,0.213,0.25,,,,
4645,"I do not drive. I live alone. I am sad. Clinically depressed. Brain surgery a long time ago and visual problems. I moved here 3 years ago. I hate living alone, but can find no solution. My husband died 15 years ago, but this past year has been extremely tough. I rode a bike, but a car hit me in July and my knee got infected. I am still limping and lost the one thing that makes me happy – riding my bike. Any ideas. I have tried all the common suggestions. Thanks.",Mental filter,,A,0.134,0.388,overgeneralization,0.338,,0.2,0.245,,,,
258,"I need to know what is wrong with me. I don’t feel any kind of attachment towards people/anything really. I’ve been worried about bringing this up with a psychologist because I am a mother I’m worried they will call CPS on me. My child is in absolutely no danger. She is fed, cared for etc. I think I care about her, I miss her when she’s gone but I don’t feel any connection towards her. She is four. I respond in ways I have learnt to over the years because I think ive never really felt a connection to anyone. If she gets hurt, I offer cuddles, kisses and tell her it will be alright. I try to be as soothing as possible. But the problem is I have no maternal NEED to do these things, from talking to friends with kids, when their children as an example get hurt, they have this NEED deep down to make them feel better, to comfort them etc. i don’t have that, I do it because I know its the right thing to do. I try to do lots of bonding things with her, take her places, we have special one on one time at bedtime where we read a book and sing a song before I tuck her in. But there has been no zing. And it’s like this with pretty everyone else in my life for as long as I can remember.",Fortune-telling,Should statements,A,0.134,0.496,should_statements,0.34,,0.282,0.19,,,,
752,"From a teen in Germany: I started to believe I have superpowers to cause deaths, which I strongly believe until now. It’s like I can cause while just being in my room something terrible to happen in other corners of the world (earthquakes, heart attacks, shootings) etc. Then I started to believe I can controle electronics across the globe and someone told me that I really turned off their lights in room, then I tried to test it on other people they said that I can’t turn their lights off, however that one person I still I’m confused if they were lying or not and I’m very convinced they are not and that I have superpowers and it causes me a distress knowing that I indeed caused terrible things using these powers. I also can’t go for a walk, I believe people are being hostile and everyone know who I am.",Mind Reading,Emotional Reasoning,A,0.134,0.404,magnification,0.239,,0.235,0.175,,,,
868,"Hi, I’m a female from the U.S. and since I was little I have had this belief that I could broadcast what I’m doing into other people’s minds, it’s been with me since I could remember. I’ll do crazy and spontaneous stuff because of it and I’ll also get heavily paranoid. I got put on antipsychotics because I was having hallucinations, paranoia and delusions. I don’t have mood congruent hallucinations, paranoia, delusions etc… I have done my research but I refuse to self-diagnose. During these episodes I am not aware I’m acting out of the blue and I have been told by others I have disorganized speech that I jump from topic to topic. Why is any of this happening? I’ve abused drugs (amphetamines) in my past and I had grandiose delusions of being the most intelligent person that was gonna be a big thing. When I went off of them I finally had a psychotic episode and it went untreated until recently. I no longer abuse drugs and I ’m pretty healthy. Why is this happening? Some paranoia seeps out even with medication. My hallucinations are mainly: Walls moving, whispering, shadow people, random lights, letters moving around on phone, or this bloody girl. Delusions: Paranoid that I’m being monitored by a group of people through brain communications, or thinking people have been replaced by imposters",Labeling,,A,0.134,0.458,magnification,0.366,,0.286,0.238,,,,
1655,"My husband and I are presently living with my mother in her house for the last 10 yrs. I have a brother that moved in with us 2.5 yrs ago. Years ago he had some sort of breakdown and moved in with my parents and stayed for 4 yrs. I found some odd things on his computers. He was on some sort of online site with animals portrayed as humans. A curvy woman’s body with a sexy fox female face. I also found a small lion cub (Simba) stuffed animal with a small circular hole under the tail that was hot glued around the circle so that one could see the stuffing inside. I am guessing he was using it as a sex toy. I told my mother she asked me to call the psychiatrist he was seeing. I did he told me to get him out of the house immediately. I told my mother and she had him leave. He was laid off 2.5 yrs ago I found evidence of the same sort of behavior. This time it was a small black panther with the same odd hole under the tail and glued around, also his screensaver had a picture of a sexy woman with a fox face. I see little foxes scattered around the room he stays in. Guessing it’s his female animal of choice. I never said anything to my mother she’s been ill so I kept quiet. Lately he and I don’t get along. We (husband and I) don’t trust him. We lock our doors even if we are only outside feeding the dogs. He always lies and has already stole from us but denies it. My mother says she can’t survive without him. Rather than looking for he decided to stay here and care for our mother. She could do more for herself but he waits on her hand and foot. We got into an argument and I told her we were going to have to move I can’t stand living with him. She doesn’t want me to leave. I would like to confront him but not sure how far to push this. He’s very passive aggressive. I know I should leave but really can’t afford to and my mother wants us to stay. She may not live much longer anyway. How do I survive in the mean time? He’s creepy.",Labeling,,A,0.134,0.399,mind_reading,0.597,,0.266,0.202,,,,
314,"The therapist prescribed me anti-depressants but im not depressed,maybe can get anxious but not anything new or bad for the most part. Now my problem is that I keep getting these episodes where I all of a sudden start not making sense and saying things like how can I walk to the sun or why is the lady stomping on ants like that when it was just a video of someone dancing. and i start like jumping around .yesterday i even sat in the fridge and started making strange sounds like an animal.I also will repeat the words shut up in a different voice.Its like this big rush I cant describe it.I sometimes get paranoid im being watched like through the computer screen or I CAN call some magical numbers in a foreign country. I make a pretty blank expression on my face. one common thread is i will always stare in the mirror and begin giving this weird creepy smile. another example was this photo of some dead guy that I laughed at for ten minutes straight and i was callin g him a loser.Sometimes i see things moving at the corner of my eye and hear my name being called.what the fuck is this.Can you guys just give a guess to what it could be. I dont think its just anxiety tbh.I dont feel anxious for the most part.I also notice I pace around a lot and many people sometimes find what i say bizzare at times. I dont think the therapist or psychologist will take this seriously anyway. one time i even was sitting on the couch and started thinking someone from across the street had a sniper so i closed the curtains. Im so worn out i feel embarressed. I know my behaviour is somewhat bizarre but i cant control it tbh and in the moment of being paranoid about those things i truly believe those strange thoughts.To me at times they seem vary real. like yesterday for example I felt like I was being taken over my mind and then it happened,the bizarre behavior started up.",Mind Reading,Magnification,A,0.135,0.521,magnification,0.546,emotional_reasoning,0.376,0.221,,,,
914,"From a 12 year old in the U.S.: Day in my life: I’m doing great. Then somebody says something about me. Ex: your a buzzkill.Then I feel so terrible. I over think everything they say. I then think everybody hates me. I go home. I get so overwhelmed. My head gets hot and my vision gets cloudy. I feel like crying. My chest hurts. I believe this to be a panic attack. After I have my breakdown, I feel absolutely nothing. I don’t care . I feel numb. I end up going to sleep after self harm (which I haven’t done in a very long time). I don’t understand myself. I don’t even trust who I am because I am so young.",Mind Reading,,A,0.135,0.594,magnification,0.556,mental_filter,0.55,0.198,,,,
1188,"From Brazil: i used to be a creative, quite outspoken girl in school. then on the internet. on the internet, i met a boy whom i dated. we broke up in horrible terms, and it scarred me to today. that, plus a lot of other horrible happenings in relationships (friendships mainly), has led me to a state of constant alert, where i can’t enjoy my friends company because i’m constantly thinking on how to make >them< enjoy mine.",Magnification,Mind Reading,A,0.135,0.556,magnification,0.552,,0.329,0.223,,,,
1787,"From India: I am married and now pregnant. I came to my mom’s house for delivery of my first baby. My eldest sister left her husband and is awaiting a divorce. My mom seems to be really disturbed by my sister’s presence, especially because of her 10 year old kid who has not been taught anything related to good manners. My mom wakes up at 5 am in the morning and throws tantrums and tries to wake my sister up so she could help her in the kitchen. My sister is an adamant and lazy woman. She yells at mom for every other reason. In between these two women who cannot speak their heart without using proper words, it seems like I’m sandwiched. But it seems more like an issue with my mother because her anxiety to get things done immediately is affecting my niece a lot. I’m in my 3rd trimester and my mom seems to be a devil! Uncontrollable emotional torture is what I can say. My sister’s husband was abusive and she came home to be at peace but I don’t think it’s a good thing.",Labeling,Magnification,A,0.135,0.438,mind_reading,0.576,,0.249,0.158,,,,
2438,"From Croatia: Dear psychiatrist! I am 18 and I come from Croatia and I want to ask you some questions about my neighbor. My neighbor is 65 years old and he is evil. I had 2 dogs (one was smaller husky and other is 10kg terrier). 5 years ago he entered my backyard at night, drugged my dog (husky) and choked it to death. Another thing is that before he had also poisoned my dogs, but luckily they have recovered. Here comes something that nobody believed me when I’ve told them. My neighbor recorded some dogs (not mine) and then he played that tape on stereo so he could provoke my dogs to bark. Couple of days ago he started to play that tape again. He had also cut down my fence and poisoned my trees.",Labeling,,A,0.135,0.316,overgeneralization,0.222,,0.208,0.266,,,,
4639,"For as long as I can remember I have been backwards when it come to sleep. Since I was 8 yrs old I stay up until 3A-6A and then sleep during the day. When I was younger I was forced to go to school but during high school I was allowed to do whatever, so I worked in the evening and then stayed up at night.",Labeling,,A,0.136,0.319,overgeneralization,0.278,,0.136,0.26,,,,
100,"Hello. I developed a crush on a celebrity when I was 10 and it has grown into an obsession that I can’t stop (I’m 23 now). I’ve been diagnosed with generalised anxiety and have had depression in the past linked to poor self-image/esteem. My family relationships are good. I’ve had two relationships, one when 13 and the second when 15. The first time I was used by him and for 3 years until I got over him, whenever he was dating someone I would try hard to look like them (hair/makeup/clothes etc.). The second was emotionally abusive but I broke-up after a month and never wanted to reconcile. I thought about this celebrity less while in relationships but never fully stopped. Since my teen years I’ve fantasised about them: being in a relationship, conversing with them, being intimate (sexually) etc. When in a relationship with another female celebrity I became obsessed with her and still am, saving hundreds of pictures of her, watching all the interviews I could because I wanted to act, sound and look like her, eat, exercise and use the same beauty products as her if I could find that information. Whenever seeing pictures of them I feel a painful pit in my stomach. I would follow pages on instagram that followed them. After they broke up I stayed obsessed, less than initially but still, focusing more on whoever he’s currently with/dating (he’s with a regular girl now). I’ve tried to pursue his interests (e.g. art and watch the same TV shows) and also more recently tried to even use the same products and dress the same way he does if I can find that info (But I don’t want to be a man). I’m seeing a clinical psych and she said she’s unsure and to just avoid checking their social media (tried many times and even after over a month of abstaining from all social media it never worked). I’ve tried journaling, meditating, talking to friends and some things help a little but not much. I can barely differentiate what I like and what him/his girlfriends like. I can’t concentrate for a few minutes without them popping in my head even when I don’t want them to. Avoiding doesn’t help and I don’t want to, nor replace it by forcing myself in a relationship. I want to confront it so I never have the issue again.",All-or-nothing thinking,,A,0.136,0.498,magnification,0.47,,0.282,0.222,,,,
1275,My brother has been married 14 years and is considering divorce. He has been communicating with his wife about his feelings. She is a very jealous type of woman who has not allowed him to have female friends. He has two daughters ages 10 and 11 and recently the girls have been getting more involved questioning him about his female friendships. Recently he took both girls to a concert & his female friend came along. The youngest shared that she told her mom about the concert and mom said “She did not know” his friend would be there. The youngest then told her Dad that it is not right for him to be at a concert with his female friend and not her mom. Another time recently the oldest daughter called him to ask “Dad where are you and who are you with?” … I don’t know if this is normal behavior for young girls but I am concerned that they are adopting these behaviors from their Mom. She also shares certain things with the girls (since the marriage is having problems) like “I didn’t know your Dad’s female friend would be there” for example. Is this something we should be concerned about? I worry the girls are being brought into their parents’ marriage issues and in the process are being taught to interrogate their Dad and worry about boundaries with him and friends. (From the USA),Labeling,,A,0.136,0.375,mind_reading,0.37,,0.232,0.241,,,,
927,"I’ve thought about killing. I’ve always wanted to beat some one until they were black and blue and bloody. I’ve wanted to taste blood from people. Ive never felt anything towards anyone except my dog. I’ve wanted to kill everyone but I’ve never done it. I mean it’s like I have a flip and I just thinking about psychotic things. I’ve thought if I was a psychopath or a sociopath. I mean I don’t care for people dying period. I’ve always wanted blood to be all over my body. Ive once sat in my bed laughing at the thought of beating someone up or killing. I’ve been wanting to destroy my room or destroy everything. I mean I just want to do everything destructive. I have depression, add, adhd, and bipolar. I have a short temper too. I’ve just wanted to kill and kill every day. I love hurting myself and blood rushing out. I laugh at the pain. I couldn’t tell my mom about this because obviously she would send me somewhere and I probably kill her if she did. I don’t know what to do right now honestly. My friends think I’m heartless. Anyways yea",Emotional Reasoning,,A,0.137,0.498,mind_reading,0.443,,0.259,0.229,,,,
2039,"From 13 year old girl in Canada: I seem to alter my personality in mirror of who is with me. I feel like a different person, even if I don’t talk when I am around others. When I am alone I act more comfortably, more like myself; a little emotionless.",Magnification,,A,0.137,0.45,overgeneralization,0.324,,0.277,0.247,,,,
1925,"I have been with my partner for six years. We live together and still have fun together, but we have sex very sparingly. This has been the case since we moved in together three years ago. However, I feel that when we lived apart we had sex because we felt like we were “supposed to” more than because we felt inspired to. That could just be my take.",Should statements,,A,0.137,0.356,overgeneralization,0.307,,0.178,0.254,,,,
60,"From a woman in the U..S.: I have some of the symptoms of ASPD. I was diagnosed with BPD. I haven’t told my therapist about my ASPD symptoms. I don’t know if they’ll even believe me. I have a tendency to lie. I lack empathy most times. I find myself manipulating others for my own personal gain. I have a gnawing yearning for attention and control. But BPD explains these. What it doesn’t explain is the obsession with blood, constant visions of harming others, a lack of remorse, and dreams of violently killing people I know and strangers. I need to know if this is even safe to tell my therapist.",Mind Reading,,A,0.138,0.496,magnification,0.386,,0.307,0.237,,,,
1294,"Today, I had to call the authorities on my boyfriend. He has been sharing these thoughts of his. The other day he messaged me saying his head was telling him to skin his (10-year-old) sister and his brother and taste their blood. I was at loss for words but I had been trying to get him to tell me what was wrong. A part of me kind of wishes I hadn’t asked. I want him to get some help. He has been cutting and punching things messing up his hands. I have always been suicidal so I can’t relate to him. I just want to try to understand. I’m so lost and confused imp worried I might say the wrong thing. I told my best friend and he told my dad. My dad said if he doesn’t get help then we can’t be together. Mind you I turn 18 in 2 months so what he says doesn’t matter. I’m just so scared. He has been controlling over me and even violent a couple of times. But when I confronted him about it he didn’t know he was doing anything wrong. He has PTSD from watching his twin brother die in front of him in a car wreck. He usually sat in the same seat but the day of the accident he switched seats with his brother. he blames himself because his dad blamed him before he passed away of cancer in prison for drug distribution. I’m kind of scared of him sometimes. I cut my hand on accident once cooking and his eyes when he seen the blood, he was like a completely different person. like he had no soul for a minute until he calmed down. he feels like killing people when they annoy him. and I’m always cautious around him now. But I’m in love with him. and I just want him to get help. I called his school. instead of calling the cops which is what the crisis team wanted me to do. and I talked to him. he has agreed to go to the hospital to get help. but I didn’t tell him I told the school and the school told his mom. I’m scared on how he will react to that. I just need some advice. I have no idea what to do. And now I’m getting some bad thoughts too. I have learned to control them. But I use drugs to help me. and he’s okay with it. he’s okay with me cutting and using drugs. I know that’s messed up. I just don’t know.",Should statements,,A,0.138,0.571,fortune_telling,0.672,mind_reading,0.484,0.184,,,,
1898,"I have a 9 year old boy and a 6 year old girl. All my life I have had terrible, terrible ways of dealing with frustrations large and small. A good example: if anything makes me angry–trivial or truly important, I might put on a wild, embarrassing, very inappropriate, and very unhealthy display of rage. I never physically attack another person, but I’ll start hitting my own head–hard, repeatedly, with both hands–sometimes open hands, sometimes fists. Not in a “stupid me!” kind of gesture like slapping one’s forehead–these flailings have no intended expressive meaning. They’re the exact same as an angry guy punching a wall or a piece of furniture. (Actually I do that plenty too–usually if I’m hitting myself, it’s because there’s nothing else nearby that’s “safe” to hit–safe for the thing itself, or safe for my hands.)",Magnification,,A,0.138,0.388,overgeneralization,0.348,,0.208,0.247,,,,
2436,"Hi, I am 14 years old, and I have had problems pulling and messing with my hair in a variety of different ways since I was little. I noticed my grandma and mom also did this, I always told them to stop, until I noticed I did it too. I thought this was just a bad habit, until I stumbled across the word Trichotillomania online. I googled what it was and I found myself wondering if I had it. Only, I am not sure if I have it or not. I don’t exactly pull out my hair for the sensation of pulling it out. I pull/tug on the ends of my hair repeatedly to the extent where it tears split ends and as a result hair comes out. I get a weird satisfaction by pulling off my split ends which makes them worse. But, I am not sure if this classifies as Trichotillomania because I don’t notice balding, only minor thinning if that. I guess I mainly like the feeling of my hair getting pulled repeatedly and thats why I do it I am not sure. I have terrible split ends and sometimes the tugging on my scalp gives me headaches, but this doesn’t really match with the definition of Trichotillomania. I am not sure if this is a big deal or not, just multiple people have pointed it out, and I do it constantly. And when I say constantly I mean literally anytime my hands aren’t already doing something. I find myself doing this when I am bored or anxious. And considering I am anxious basically all the time it doesn’t really help.I recently found that playing with small magnetic balls during school helps me not pull. If you could help me identifiy if this is anything to be worried about it would be really helpful. Thanks.",Magnification,,A,0.138,0.351,overgeneralization,0.238,,0.176,0.266,,,,
15,"From a teen man in the UK:  Back in May, me and my girlfriend had a break up which ended quite badly. I’ve been with her for 3 years and it was quite a surprise when she wanted to end it because we had been having altercations. Anyways, i went round a friends house who lives opposite her house and the night took a turn and we was drinking and getting high. As i was leaving very intoxicated (which is not an excuse) i think my emotions got the best of me and i keyed her car. I instantly regretted this at the time and i couldn’t believe what i done. I still regret it to this day! I instantly wrote a letter of apology the next day and payed for any damage. Im not a nasty person, it was a complete moment of madness from me!",Mental filter,,A,0.139,0.507,magnification,0.313,,0.259,0.251,,,,
1813,"My mother has lived with me for years since she is regularly unemployed. Whenever I moved during the last 16 years, she usually followed. In the last 4 years, she has become paranoid–someone is stealing electricity, wifi, cable, cell phone service, water. We didn’t even have wifi or cable at the time. I even checked the water and electric usage, but found they were consistent with usage at other addresses. Then she decided someone must be at home at all times because someone is sneaking into the apartment–to mistreat our pets, to fiddle with the electricity, to steal services, to live in the attic. She also claims someone had wired the apartment to listen to us, wired the front door so it would randomly open, stole our forks (I don’t know where they went), stole the Mummy dvd (we have at least 100 dvds, but that one was the only one taken, sneaks through the ventilation, stops by and electrocutes her around 3 a.m. on random mornings, and added wires under the driver side of my car (don’t worry she pulled out). Someone disrupts the signal on her analog radio, she insists all power, circuit breakers be off, and the major appliances unplugged except for the refrigerator and a few lamps. She says her last 5 cell phones were hacked and taken over by someone. I have never experienced or witnessed any of the problems she claims. So she accuses me of helping the someone because I say none of these issues can be proven. She won’t see a doctor, and she can pass any mental test. Honestly, I wander if she is a dick rather than sick. These incidents have been continual at 3 dif ferent addresses. In the one address, the landlord said she could not live there any more because she was entering the basement and changing the handyman’s repairs. (I don’t know if this accusation is true; she denies it.) At one point nearly 2 years ago, I expressly asked her not to destroy the landlord’s county letter because it itemized repairs to the house. She ignored my request and ripped up the documents. I gave her $4000 (my savings) and my car and kicked her out of my apartment two years ago, so she stayed with my aunt for a week, in hotels for about a month. Then she came back for another $2000 (payday loans). Eventually, she spoke with the VA hospital, received a bed at a homeless shelter, and money to return to school. They also offered to pay for housing, but she couldn’t find a place she was comfortable with for the money offered. After a few months in the shelter, she “couldn’t” make it to the shelter by curfew, so she was kicked out and moved in with me again. Within a year, we moved again. About 8 months ago, we were evicted from a house (only 5 months into a year lease) because “someone” had cut out all the copper connecter in the electrical outlets (a fire hazard), had cut a large outdoor cord connecting the central air to the house, and had removed insulation and created holes in the outer walls. I cannot prove it was my mom, but no one else was in the house. She or I am always home. Now we’re in an apartment and she opens the outlets and has cut the connectors to the phone jacks. She still experiences are all of the aforementioned issues. I discovered she had pulled wires beneath the driver’s seat of my 8 month old car. She claims someone is hacking into its system. I plan to move because of unrelated issues, but because of my mom, I am hesitating. I am sick of the problems. I am sick of her refusing to listen to reason. I told her 5 months ago that I wanted to go separate ways with this move. I tried to give her time to find an apartment, get a job, request government assistance (she hasn’t worked since 2010), but she has proven she unwilling to take care of herself. She wants me to buy her a Winnebago, so she can live in the woods with her dog and cat. I am tempted because I don’t want to continue this cycle anymore. I don’t want her to live with me. I don’t even want her to know where I live. I don’t even feel guilty about it any more because every time I find something she “fixed” I just cry. However, I feel bad for the dog and cat since I’ve had them for years. I feel guilty because there are no other siblings or family… just me. This situation feels like the rest of my life. What do I do?",Personalization,Overgeneralization,A,0.139,0.367,mind_reading,0.371,,0.217,0.173,,,,
4646,"I have been hearing voices for about 12 years. Sometimes I can hear them very clearly and cannot determine if they are real or not. Other times they seem faint and I cannot clearly make out what they are saying. When I go to the store, I believe that I hear people talking about me in there heads, as though I can hear their thoughts. I became very depressed about 3 years ago and the voices were telling me to kill myself, and one night I actually tried.",Mind Reading,,A,0.14,0.329,overgeneralization,0.216,,0.18,0.271,,,,
690,"From the U.S.: I’m 20. I just got married but i hate my husbands daughter (4 years old). She is very spoiled and has a horrible attitude. She has extreme tantrums, doesnt listen, everytime we ask her to do something or to stop doing something she will reply by saying “no” or even yelling it.",Labeling,,A,0.14,0.31,overgeneralization,0.204,,0.183,0.273,,,,
208,"From the U.S.: Met my sister-in-law in 2004 she is heavy set and had an ordinary style. I have pin up style and platinum blonde hair, several tattoos. Soon after she went from dark brown hair to blonde. Started wearing flower clips in her hair, buying same brand pin up purses as me. Then she bought the same car as mine (black) hers white and had my bro buy same truck as my husband (black) his white.",Labeling,,A,0.141,0.307,overgeneralization,0.186,,0.184,0.276,,,,
296,"Hello. My issue is about friendships and the aftermath of my toxicity. I’ve been friends with a girl X for so many years, but I noticed this summer that she seemed to be with someone else, which IS normal. However, I can conclude that her random annulment of our get-together was canceled to be with that person. I still was trying to be as nice as possible to X, but eventually, it felt like I didn’t know her anymore.",Magnification,,A,0.141,0.354,overgeneralization,0.217,,0.165,0.271,,,,
1098,"From the U.S.: Alright, I am a male just shy of thirty. When I was fourteen years old I began having severe anxiety and have dealt with OCD since I was a child. I realize that OCD enables us to imagine things, which may be the case here. I have an uncle that is a psychopath. I realize that psychopaths aren’t wired to feel anxiety or irrational thinking, which, the anxiety alone would preclude me from possibly being a psychopath, but am still worried about the possibility of sociopathy.",Emotional Reasoning,,A,0.141,0.406,magnification,0.255,,0.247,0.263,,,,
4523,"I’ve been having problems for a while. I am highly disorganized, I have a fear of social situations but have a strong desire for them at the same time if that makes sense. I’ve tried being in talk therapy for those issues, not that much has come of it, however I’ve always been too scared to tell my therapist about other issues. I sometimes see images in the corner of my eye, a face in a window and then its gone, or a person standing on the side of an empty road and when I look in the mirror, nothing. I’m not sure if I’m seeing things or just thinking I see things, I’m concerned with being diagnosed with schizophrenia or something like that. I’m high functioning, about a 3.2gpa in college and I keep burying the issue in fear that treatment might intrude in my school life. I also hear music sometimes and have taken to writing it down as compositions, would this be a hallucination as well? I don’t compose the music, I literally hear it as if it were being played in the same room as me, would this be a symptom of something?",Labeling,Mental filter,A,0.142,0.553,magnification,0.486,emotional_reasoning,0.429,0.176,,,,
293,When I was 11 my parents had a very ugly divorce and custody battle. I loved and trusted bother of my parents equally and didn’t want to choose who to live with. After therapy for all four family members the courts decided to give parents 50/50 custody. Thinking back now my mother’s behavior probably started at least a year or so before but it was at this time that I recognized my mother was often saying things like “did you sleep in your father’s bed when you were there” or “you know you shouldn’t be naked in front of your dad”. I want to make it clear that nothing like this was happening. My father has always been amazing and never acted inappropriately at all. But since I trusted my mom these comments did stick with me and made me feel unsure and unsafe.,Emotional Reasoning,,A,0.142,0.469,mind_reading,0.394,,0.285,0.239,,,,
2009,"From the U.S.: I’m a 20 year-old female, and in the past I was on the promiscuous side. My downfall started when I was 16, and was coerced into having sex with a 20-year-old guy I wasn’t even into. From there I had several more casual encounters. I acted like I wanted it, and was proud of “being a slut”, but to be honest I died a little on the inside every time.",Labeling,All-or-nothing thinking,A,0.142,0.426,magnification,0.295,,0.231,0.169,,,,
147,"I have a lot of anxiety and ocd. But I also get thoughts in my head such as you don’t do this, something bad will happen. Or stop doing this or something bad will happen. These things never relate really. For example my recent issue with it is if you don’t stop daydreaming violence or negative situations than your relationship will end.I know it sounds crazy and a lot of it is superstition but it does affect me. My daydreams I enjoy and are usually just me in my own little story or a story of some kind of character I’ve seen, like from an anime. Is this fear something I should listen to? Or is my daydreaming fine to do?",Fortune-telling,,A,0.143,0.444,magnification,0.373,,0.29,0.244,,,,
1227,"This is painful for me to write about, because of the fears i have that i really may be schizophrenic, but here goes! i am a 35 year old female veteran of the US Armed Forces. i joined when i was 25, with no prior history of mental illness. i moved successfully through bootcamp and my schools, although during the last phase of training, and before my first duty station, i became pregnant. i decided not to terminate this pregnancy (much to the chagrin of my family), and place this child with a loving adoptive couple who could not bear any themselves. unfortunately, during the delivery of this child, i developed some kind of “blood infection” which, thankfully, did not hurt the baby, but almost killed me. i was sent home from the hospital before the illness was discovered, and was rescued a day later by my friend who found me vomiting and hallucinating. i don’t remember much of that at all, just waking later in the hospital.",Emotional Reasoning,,A,0.143,0.354,magnification,0.236,,0.227,0.268,,,,
806,"I’ve always had homicidal/suicidal thoughts for as long as I can remember, but i never spent too much time thinking about them until recently. Since I turned 14, I’ve been thinking a lot more about homicide/suicide, and I’ve been having urges to do it as well. Of course I haven’t acted on these thoughts yet, but they’re getting harder to ignore. I know this isn’t normal, or right, but I’ve been wanting to kill someone recently, and in very graphic ways, even thinking of torturing them before I do it. The people in question are usually people I have a dislike or even hatred towards. I’m scared that I might enact on these thoughts and hurt someone, or worst. I also think of killing myself in very graphic, and usually painful, ways. I don’t want to do these things, but they’re getting harder to ignore. I tried to bring this up to my parents, but they refuse to take me to see a therapist because “they’ll take me away and put me in a mental hospital.” I really don’t know what to do.",Should statements,,A,0.144,0.526,fortune_telling,0.565,magnification,0.388,0.21,,,,
2082,"Greetings, first of all please forgive me if my thoughts aren’t being portrayed correctly in my writing. Anyway. My family has had a history of mental illness/disorders, my grandmother suffered from sociopathy and we believe that her mother was schizoid. Recently, I have begun thinking that something is wrong with me, too. I’ve tried to recall moments in my life when I have shown what some people call “concerning” traits/perspectives and there has been a lot. I seem to prey on people who are “helpless,” people who need shoulders to cry on and once I have their trust, I turn on them. I have contemplated suicide, but not because I was depressed but because my life is routine and routine is boring and being bored is probably one of the worst feelings. I have been in trouble quite a lot during primary school and the start of secondary, due to my attitude to the imbeciles in my class- I always say snide things about them and I have found myself trying to provoke a fight, which makes no sense because it is not logical because they are nothing to me and any retort they make to my arguments simply wouldn’t be worth listening to- it would be like listening to a newborn try to come up with a valid argument.",Mental filter,,A,0.144,0.547,mind_reading,0.514,personalization,0.356,0.219,,,,
4541,I have been married for 15 years. I have grown very much but he has not. He will not deal with any issues between us. He is really immature. He never accepts responsibility for his part in any problem. (Everything is always my fault according to him.) We went to counseling two times but the same thing happened. He only argued with the counselor and she said she couldn’t talk to him.,Labeling,Overgeneralization,A,0.145,0.32,mind_reading,0.258,,0.198,0.179,,,,
4580,"I sit in class, cant exactly focus and I don’t seem to be able to understand what i am a supposed to be learning. I sit there and all i can think about is when i am ever going to use this later in life. I am also one of the intellectually smartest people i know. I can process a million things in my head at once but can’t seem to put them on paper, (Which is why i got a zero on the last test, even though i had every question right) Is there anything that can help this? I also can’t ever seem to sit still unless i am very sleepy. always tapping my feet. I don’t remember things unless they seem interesting to me despite how hard i try, in algebra i don’t remember the steps to do a problem, but i get them right anyway. And sometimes when i am answering questions, like i said i cant seem to spit the idea out of my mouth or write it down. Most of these only occur in math classes, when you have to take multiple steps to solve something, not in any other because there is only one way to get the answer, (World Geo, Chemistry, English) Is all about memorization, I do not struggle whatsoever in those classes. I would rather take one test to sum up all of school instead of learning at such a slow pace. IE Homeschooling or Online Courses. If any of you are online, just wondering if there is anything wrong with this :)",Personalization,,A,0.145,0.47,overgeneralization,0.468,,0.31,0.229,,,,
199,"From the U.S.:  My bf and I have been together about 8 months. The last half of this was sprinkled with traumatic events because of my past traumas. I was emotionally abusive at times, reacted with anger/insults out of jealousy/insecurity. He wants to leave but I don’t want to split, I am promising him I will change because I know I have/will (I am finally in counseling) I love him endlessly although some of my actions have not shown that.",Labeling,,A,0.145,0.351,overgeneralization,0.255,,0.23,0.267,,,,
875,"Hi, I am a senior in high school in a small town..I have struggled with depression, anxiety, panic, and eating disorders since I was 13 years old. And my family just doesn’t seem to understand what I am going through,they act like its just something that i can automaticly turn off my emotions and be happy but thats not the case.",Mind Reading,,A,0.145,0.394,overgeneralization,0.288,,0.183,0.263,,,,
1140,"Recently i experienced a home invasion by two men with machetes while i was home with my dad only, i experienced the most as i saw them jump over our fence, had the machete held against me, was chased from outside to inside the house etc and i’m not traumatised by the incident whereas my dad was around the other side of the backyard when he came into the house to see them before running back out to get help, hes traumatised {mainly angry}, even though like explained he didn’t experience soomething as traumatic he’s still feeling worse after the incident happened i was completely normal, after the police had left i went to the mall with my friend and her mum who came to my house after the incident to check on me, i was laughing and nothing seemed off with me,  I didn’t think anything of it until her mum mentioned my behaviour was odd considering what had just happened, the police had said this too. Now my parents are angry at me saying im either a psychopath because I’m not fazed by the events or the people who broke in were my friends which would be why im not fazed and why i wasn’t hurt especially because they said they were looking for my dad it seems like i set up the situation which is also what the police insinuated, and even though they were masked we know they were teenagers which is also another factor to add as to why my parents think they were my friends. All of this has made me think about my own mental health, i’ve read alot about resilience being the reason as to why im not traumatised and how i bounced back quickly but the factors that would lead up to me being resilient doesnt add up. Considering my past, it would be stereotyped for me to be non resilient which is why i dont feel me just being generally resilient is correct, making me think something worse is wrong with me. Please clear my confusion. (From Australia)",Magnification,,A,0.145,0.448,mind_reading,0.476,,0.267,0.23,,,,
1295,"I’m 45 and just left my boyfriend after 28 years and i never had any other friends i find it hard to make friends i was abused as a child and now in very insecure with myself,I’ve just stopped smoking pot as well as he was a dealer and lived with paranoia as he wood rip people off, now I’ve left him and now living with my daughter and in getting to know her again but i still feel i can’t socialize with other people, in getting my own place and starting from scratch, i don’t know how to get new friends or in saying the wrong thing.",Fortune-telling,,A,0.145,0.582,overgeneralization,0.488,,0.345,0.224,,,,
1549,"Today, I had to call the authorities on my boyfriend. He has been sharing these thoughts of his. The other day he messaged me saying his head was telling him to skin his (10-year-old) sister and his brother and taste their blood. I was at loss for words but I had been trying to get him to tell me what was wrong. A part of me kind of wishes I hadn’t asked. I want him to get some help. He has been cutting and punching things messing up his hands. I have always been suicidal so I can’t relate to him. I just want to try to understand. I’m so lost and confused imp worried I might say the wrong thing. I told my best friend and he told my dad. My dad said if he doesn’t get help then we can’t be together. Mind you I turn 18 in 2 months so what he says doesn’t matter. I’m just so scared. He has been controlling over me and even violent a couple of times. But when I confronted him about it he didn’t know he was doing anything wrong. He has PTSD from watching his twin brother her die in front of him in a car wreck. He usually sat in the same seat but the day of the accident he switched seats with his brother. he blames himself because his dad blamed him before he passed away of cancer in prison for drug distribution. I’m kind of scared of him sometimes. I cut my hand on accident once cooking and his eyes when he seen the blood, he was like a completely different person. like he had no soul for a minute until he calmed down. he feels like killing people when they annoy him. and I’m always cautious around him now. But I’m in love with him. and I just want him to get help. I called his school. instead of calling the cops which is what the crisis team wanted me to do. and I talked to him. he has agreed to go to the hospital to get help. but I didn’t tell him I told the school and the school told his mom. I’m scared on how he will react to that. I just need some advice. I have no idea what to do. And now I’m getting some bad thoughts too. I have learned to control them. But I use drugs to help me. and he’s okay with it. he’s okay with me cutting and using drugs. I know that’s messed up. I just don’t know.",Should statements,,A,0.145,0.564,mind_reading,0.589,fortune_telling,0.585,0.2,,,,
2494,"About 5 years ago, I made a deal with my dad that I would try out 10 episodes of his favorite TV show because he really wanted me to try it. Then he said if I didn’t like it, I wouldn’t have to watch it anymore. I didn’t like it — sci-fi isn’t my genre. Anyway, my dad has asked a few times every year since then if I’ll try the show again, and I always say no and remind him I don’t like it. He says I didn’t give it a fair shot, and basically says anyone would like it. It involves some gory things like worms coming out of someone’s stomach, and I hate watching any violence or gory things. He tries to argue with me about why I’ll like it, but I’ve always hated sci-fi. I’ve offered to watch a show that we both like together. My dad has said multiple times “there’s no way you’re my daughter” or “you can’t be my daughter” since I hate sci-fi. I’m adamant against watching this show because I think he’s not respecting my answer and always wanted his kids to be interested in what he is interested in. He has tried to manipulate me by saying he would do what his father asked, and that if I’m so inflexible on this I’m bound to have problems in future relationships. He has said he doesn’t ask much of me. My dad has guilt-tripped me my whole life and has always been controlling. Maybe my resistance is partially coming from a huge history. Recently he asked again and I said no– I have a big problem being assertive, and I’m practicing sticking up for myself. I very rarely stick up for myself with my dad because he’s so overbearing.",Magnification,Labeling,A,0.145,0.488,mind_reading,0.662,,0.315,0.174,,,,
4610,"I have never seen a psychologist or a anything: I have been recently dealing with weird behavior. I have been starting fights with the people I love the most to get them mad at me and then make them say something to hurt me and then I cry, but when I cry it makes me feel better or I have to cry in order to not be mad anymore. I have also been getting angry over small issues that should have little effect on me….but lately its been having huge effects on me. I get irritated by the smallest things..and if I don’t get my way I take it out on someone else. It may sound like I’m a brat,but I feel that’s not the case because i have never experienced feelings and behaviors like this. Could it be the birth control I started about 6 or 7 months ago? I don’t know why i am acting this way all of a sudden.",Labeling,,A,0.146,0.518,magnification,0.414,,0.261,0.24,,,,
438,"Dear Therapist, I would like to have some advice. I’m only 15 years old and very mature for my age. but thats not what i need advice about. I’m too young to be worrying about my life the way I do. i have a very good body image and I try to keep it that way as best as i can. a little too much. I believe I suffer from Obsessive Compulsive Dissorder. I havent really been able to admit it to myself or anyone around me. I believe I’ve had it for maybe two years or so, but its gotten worse over time. It starts with waking up. If i dont sit up a certain way that doesnt make me comfortanle, I lay back down. I go down stairs to eat my breakfast. if i dont see something i like on TV i have to blink 10 times or until im confortable to get the image out of my mind. in school, i cant sit on chairs without whiping it off 5 times because if i dont, i think ill get fat. i can’t touch doorknobs because im afraid ill get sick from the germs. If i smell something bad, or something i dont like, i have to “push out” the bad scent out of my nose three times and breathe in “good smells” once or twice. My friends notice that I’ve been acting strange but i usually cover it up by saying like my nose itches or there were crumbs on the seat. Its really hard for me to live with and i am soo frustrated from it. Im only a sophmore in High School. I should be worrying about school. i strongly think my grades are suffering from it too. i Already see a therapist because my mom thinks im have anger problems. but i can never bring up the guts to tell her about my suffering. What im asking is to know that I’m not the only one whos going threw this or if I’ve diagnosed myself correctly. Ive researched it and all signs point to OCD. But i also am angry all the time towards my mother. she grosses me out but i cant control it. when im around her my ‘habits’ act up. but theyre more like natural reactions than habits. I dont know if medication will help with these problems or if i need sleep or if its stress. I really need some advice because i hate living like this. Am I going crazy? (life at home) My mom some times goes a little crazy or acts stranger than usual. she yells at me than apologizes. it gives me whipelash. i know she sees a therapist and i just hope that craziness isnt heretitary. can living with someone make you sick of them? even if their your own mother? and my father is an alcholic. but he has been 7 months sober. i am the middle child and i get along fine with my siblings. although my brother often gets annoyed with me because of my breathing habits. they annoy him. I also have severe headaches. Sometimes they give me excrutiating pains and sometimes they are dull. I also feel depressed and sad all the time. I try to act happy when im around my friends but i want to feel truely happy. Im usually in my room all day after school breathing in and out in certain ways, trying to reset the “bad germs” that i have breathed in. (im sorry if ive confused you). I had a concussion in the past but im not sure if ive fully healed, or its all in my head. i get weird head aches in the front of my mind when im doing my rituals and it throws off my day. sometimes i dont feel like im in my body/mind. i feel like im always tired and i feel like im always asleep. and i dont feel my emotions to the fullest. sometimes i dont feel any emotions. its hard to explain. but i just need some advice. Im handeling this all on my own and Im not sure WHAT to do. i keep a journal of everything that goes on and it makes me more depressed. im not sure if you know what im asking or not. but please help me if you can!",Should statements,Personalization,A,0.146,0.584,fortune_telling,0.546,magnification,0.505,0.182,,,,
1855,"When my children were young, there was an incident involving a dog attack. They had run ahead of me and stopped at the next street corner (daily game we played). An adult rottweiler came from behind a nearby bush and started to attack them. I meant to intercede, to yell, to block its advance. Instead, I felt the yell come out as a snarl, my fingers curled, I know I bared my teeth – instead of blocking the dog, I flanked and literally attacked it. (This bothered me afterwards – I felt I should have gotten in front of it. Since then, I have seen many videos where mother animals perform the same maneuver.) The dog fled. I ushered the kids home and sat quietly, waiting for my “self” to return. It was at least a half hour or more before I could really speak again. When I recall the instance, I still feel my “hackles” rise. My question: does “the animal with us all” exist? Is there any literature on this to which you could refer me? I’m sorry to bother anyone with this; I haven’t been able to find anything on my own, and it is an experience I’ll never forget. It really felt as if an animal had surfaced within me.",Emotional Reasoning,,A,0.146,0.392,magnification,0.292,,0.193,0.263,,,,
1986,"I get a hungry feeling when I think of murder. The blood, the meat, it fascinates me. I’m always thinking of the kill. I’ve never done it though. But I’ve done horrible things that are illegal, cheated on tests, lied and had sex with other women while having a girlfriend, etc. I know I’m insane, nothing will change the psychopathy in my deranged soul. But I’d like to know why I want to shoot people, even children. I was bullied a lot in school though. Maybe that’s it?",All-or-nothing thinking,,A,0.146,0.447,overgeneralization,0.296,,0.241,0.26,,,,
867,"I have severe depression and I purposely try to sabotage my life. I have been severely depressed for years. I have seen a therapist as well during that time off and on as well as having been on anti depressant medication. This helped me a great deal while I was doing both of those things however, I chose to stop them both as I made myself believe I didn’t need them.",Personalization,,A,0.147,0.423,overgeneralization,0.274,,0.22,0.265,,,,
1167,"When I was 12 I was in school and behind me was the 16 year old boy and I felt something behind me in the line to get some dinner, but I wasn’t sure what it was but I felt his whole body in back which was very uncomfortable and I couldn’t see his face properly. But I wasn’t sure if he was touching me at first so I just got out of the line because I felt his hand in my back but I wasn’t sure, so I kinda let it go. So the next day I went to the line again to get some food and I felt something really close to me again and i felt a hand trying to pull my jumper and shirt and it made me very uncomfortable and he touched me in my legs and between them but I was scared I didn’t know what to do I was just frozen I would always try in move but he would always go back, so again I got out of the line. I felt like he was following me everywhere I was really scared my friends were always there to make me feel a bit more protected. It happened for two weeks him just touching me and it always got worse, so I told my head of year but I couldn’t describe what he was doing so it looked like she didn’t really care so I thought I was being exaggerated that it was ok for him to touch me really inappropriately. I didn’t eat at school for days, until one day I went and he was there and once again he touched but this time quite worse as he tried getting between legs again my friends saw so they went to get my head of year and she took him out of the line and I didn’t know what she said to him she never spoke to me about it. The good thing is that he stopped but I was so traumatized and I still am. I have nightmares all the time and flashbacks of his face as I saw him earlier this year for the first time in a year I was scared I was getting paranoid. I was stupid for not saying stop it but I was so scared. Was it molestation or was just something that didn’t matter? These nightmares are just getting worse I just don’t know.",Labeling,,A,0.147,0.547,fortune_telling,0.526,magnification,0.436,0.216,,,,
1429,"Alright, quick backstory here: I’m currently 17 years old and I’ve moved out of my mother’s place last year. For pretty much my entire life, I’ve witnessed my mother acting like a lunatic. My dad and her argued over nonsense and he had to move us multiple times because she thought there was something wrong with the houses we lived in. She complained about demons being in the walls or something.. I don’t know.",Labeling,,A,0.147,0.317,overgeneralization,0.252,,0.18,0.271,,,,
1434,First of all I want to thank the therapist who is patient enough to go through the problem I am facing.I am not sure what type of disorder I am suffering from but this problem is almost killing me I am very very very very depressed and want to commit suicide because I feel it is worthless to live this type of life. I literally have no friends in my life and I have made several attempts to make friends but I never succeeded. Till the age of 10 I was fine but the trouble started after that. I have changed school and in my class no one seemed to like me. I can confidently say that I am nice person and I never did any unpardonable mistake to be ignored like that .,Magnification,Mind Reading,A,0.147,0.545,magnification,0.405,,0.349,0.209,,,,
2402,"From the U.S.: About 2-3 months into our relationship, my boyfriend continued to press me to tell him the number of men I slept with. At first, I tried to deflect the question but I had to answer him. I lied and gave him a very low number, because I knew he was a jealous man. But I felt so guilty when he said he was really glad I waited for him, so a few days later, I decided to tell him. But when I sat down to tell him, I couldn’t tell him everything so I revealed to him that there was one more. He had a very tough time dealing with it, and he made me promise him that there was no more. Months went by without me feeling so guilty about it.",Labeling,,A,0.147,0.394,mind_reading,0.437,,0.196,0.24,,,,
4627,"I grew up in a chaotic household with a bizarre, usually absent father and a raging, abusive and hate-filled mother. Both drank, but sober she was even worse. We had to deny anything was wrong and no one helped me or my siblings. I bore most of the abuse.",Labeling,,A,0.148,0.339,overgeneralization,0.25,,0.148,0.273,,,,
4634,"I was wondering if it would be possible to let me know if i could have a personality disorder? I am 15 years old and a girl. Sometimes i have weeks where i will cry everyday, become angry and sometimes to the extent of hurting myself. Then i’ll have days where i am happy and it seems like everything is fine. I am very sensitive to critism, and even the smallest of things can upset me. I am a very shy person because i get very anxious, nervous and my heart will start beating really fast when talking to people i hardly know or dont know at all, which has recently become a problem and has affected school assignments where we have to do oral presentations. I have trouble staying focused sometimes.",Labeling,,A,0.148,0.484,magnification,0.4,,0.345,0.241,,,,
109,"I’ve gone through a lot in my life it’s never been to a point where I can reflect and begin to worry. But ever since I stopped smoking weed a few years back due to smoking-induced panic attacks/anxiety I feel as if everything has changed. I feel like pre-existing anxiety got worse (social/general) I can’t get out of bed till like 4 pm I lose all my drive I cant sleep I get sad and constantly reflect and think. This goes away for a time and I begin to go back to usual but then it comes back I know having a purpose helps but when I got a job a few months back I felt better than ever and as if everything was great and then all the sudden it came back not sleeping, anxiety, sadness, avoidance having no drive etc. I’ve noticed this for a while but it’s only till recently I’ve really noticed this starting to affect me. As a side note social anxiety really affects me I regularly chew gum because when I get anxious my lips start to shake uncontrollably and I go into a panic because I feel as if I look crazy. I know this seems all over the place but it’s hard to summarize a lot of the things I’ve experienced the last two years and I’m looking forward to hearing someone’s point of view. (From Canada)",All-or-nothing thinking,,A,0.148,0.535,magnification,0.549,fortune_telling,0.411,0.215,,,,
185,"I have been having therapy for nearly 4 years, for childhood trauma and general, in the beginning things were fine, she asked all the right questions, but know I feel like things are very intense, she knows i find friendships complicated so she’ asked if we were friends, and 2 weeks ago I started sitting on the floor for comfort, then she joined me but sitting opposite but shoes off, but I found the way she sat across from me a bit uncomfortable, she had her legs open, we spoke about my feelings and how I felt that day and she said she would give her heart feelings to me. I don’t know maybe I am reading too much into it or just feeling to emotionally sensitive I told my sister and she said my therapist has feelings for me and I should change.",Labeling,,A,0.148,0.346,mind_reading,0.279,,0.197,0.266,,,,
290,"I’ve been in and out of many rather quick relationships my whole life, never one that exceeds 5 months. Every time it ends the same way; They will do the thing I wish for them to do the most for me Sex, favors, or carving my name into their body etc., Things that make them prove their love for me, I lose all interest in them directly after they do these things, most of the time I will develop strong feelings of disgust, boredom, or contempt towards them despite the partner doing nothing wrong or that I dislike but the opposite. I remove them from my life fully and forever as soon as I get the opportunity to. I will remove them from my life by lying, humiliating, or exposing them. This isn’t causing me any emotional stress but I’m curious about if this is a common behavior issue with ADHD, I’ve been diagnosed with ADHD since age 6 and my symptoms haven’t lessened since then. I don’t see this as a great issue just a risk of me getting hurt by one of the partners relatives. Some people who I speak to as friends tell me that this is very wrong to do so I understand that, but I only care about whether or not there’s a risk of me being hurt as a result of it.",All-or-nothing thinking,,A,0.148,0.522,personalization,0.345,,0.333,0.25,,,,
664,From the U.S.: I am 17 female. I don’t interact with people much. i think i don’t need them and I don’t want to appear needy. In fact I hate appearing needy. I’m too different I feel like I have nothing in common with them. I only interact with people to not appear weird. But the second someone chases me and seems interested in me I tell them all my secrets and we become intimate but most of the time they leave. I generally don’t know how to start a relationship or interacting with people and it makes me feel lonely but i am too arrogant to start chasing people.,Emotional Reasoning,,A,0.148,0.572,labeling,0.391,personalization,0.376,0.241,,,,
748,"I have been struggling for a long time with thoughts and issues that I cannot explain. I cannot figure out what is wrong with me, but there must be. I have been to counselors before but have never had the courage to approach them with these things. We talked about my depression, anxiety, low self-esteem, and social issues, but somehow it seems wrong to speak these other things out loud.",Personalization,,A,0.148,0.42,overgeneralization,0.273,,0.259,0.265,,,,
1590,"From a teen in the U.S.: I don’t know if I’m delusional or a genius. I go through these stages where I have these weird thoughts. Like a few days ago, I convinced myself I was bipolar even though I’ve never had a manic episode or anything close, but I thought I had. I also convinced myself I was autistic, had OCD, and was schizophrenic, schizotypal or schizoid. Now I’m convinced I’m delusional. But that could just be a delusional? But then if it was a delusion I wouldn’t be delusional. It just has my mind in such a twist.",All-or-nothing thinking,,A,0.148,0.433,magnification,0.316,,0.285,0.257,,,,
4511,"My husband and I have been married for over a year now. While we were dating, I thought that he displayed traits of honor, loyalty, integrity, honesty, and kind-heartedness, as well as characteristics of a hard worker, and an overall well-rounded individual. Two months from now, I will have known him for five solid years (for all of which we were a couple).",Labeling,,A,0.149,0.315,overgeneralization,0.238,,0.167,0.275,,,,
1135,"Hi there! I am a cutter. I think I like it too much. What I like about it, is every time I cut and the blood rushes from my arms or legs, I start feeling light headed and cold. That drowsy feeling is what I yearn for. The warm blood running down my cold body(stress running out of me).That is what is feels like. After that you realize I are still breathing and I focus on that and then get this rush of energy. I don’t know if it is adrenaline or what, but it feels really good.",Should statements,,A,0.149,0.42,overgeneralization,0.318,,0.215,0.26,,,,
1947,"Hey, I’m suffering here from my skinny body and I cant move on with this issue, last week I had to meet a guy who was talking online with me and had to meet up finally in real life, once I met him and went back home he changed with me I think because of my very skinny body, I don’t know what to do because im really hurting deep inside and I feel like I will never gain weight and have feminine body, also if I were in his situation I would never accept a person with ugly body like me , im writing now and my tears fell down because I really hope I would find confidence and find my beautiful soul , now we are talking to each other but I feel like he doesn’t want to show me that he didn’t accept me or find me different from the image he was thinking about when we didn’t meet up in the last,, I feel his words like something he must do it to not lose his manity and to show me that everything s ok but its not in fact.. he didn’t say to me I miss you or even this he didn’t say anything about our meet up date ,, which make me sure that he didn’t like me , im sorry but I feel down,, if I were a guy I will choose a beautiful girl with a feminine body and nice soul,, I have nothing but nice soul. I don’t blame him for nothing because he try to make me feel like nothing happened bad, but I feel the ignoring and I feel the pain and the way he act make me more sad because he changed , I know this from his words,, he started to act like im his friend not a girlfriend.. I really want to build confidence and to gain weight and to walk without caring about my thin arms and skinny thigh and without caring about not to show my hands cause my fingers is like baby fingers,, every one in my college started call me alien and kidding with me, I laugh with them but inside im crying blood tears honestly. im 37 kilogram and 156 cm and 23 years old. please help me to find my real life. thanks.",All-or-nothing thinking,,A,0.149,0.563,mind_reading,0.655,fortune_telling,0.508,0.194,,,,
4512,"I don’t know how to recover from my husband’s psychosis. My husband was psychotic for about a year. It began shortly before our marriage (I attributed his behavior to stress – he owned a business that has since failed) and continued through the birth of our child. The psychotic episode was almost certainly spurred by his use/abuse of prescribed amphetamines (70m Vyvanse a day, 20m Adderal “as needed”) but the psychosis persisted for several months after he stopped the meds.",Mind Reading,,A,0.15,0.307,overgeneralization,0.229,,0.15,0.279,,,,
4590,"I have been dating this guy for 10 months and to be honest although it has been rocky(he was drunk and cheated on me once in the summer, one night he was too drunk and ended up sleepwalking in my apartment and saying things that were very hurtful), normally he is one of the nicest people I have ever known. He has also had down periods where he wasn’t sure he liked his job and was a little depressed. Through it all I forgave him and tried to help him through all of it.",Labeling,,A,0.15,0.336,mind_reading,0.228,,0.205,0.277,,,,
1735,"Hello! Since breaking up with my girlfriend of 2 years I have been having problems with my mental health. It started with a panic attack on the night it happened which included strong paranoia. Since then I have developed a lot of social anxiety. This has come to a crisis point where I have had to suspend my 3rd year at university because I felt very anxious about everyone thinking I was crazy and meetings were terrifying me. Another factor to it was that the place where I was staying constantly reminded me of her, so I felt like I was going mad in it.",Mind Reading,Magnification,A,0.15,0.551,magnification,0.591,fortune_telling,0.442,0.232,,,,
74,"I get suicidal thoughts sometimes. I know I would never act on these and they aren’t usually that serious but they worry me. I think I might have depression. But not the hat bad. I do things slowly (which apparently is suppose doing to be a sign). And a few things (not that many) don’t give me the same amount of joy they used to. I often think I am a failure but sometime in am cocky. I also have a hard time sleeping. I have been in pushing away the fact that this might be depression because I feel that people fake it sometimes. Is this depression? And if so, should I go see someone about it.?",All-or-nothing thinking,,A,0.151,0.551,magnification,0.474,emotional_reasoning,0.355,0.231,,,,
590,"One month ago my 14 year old daughter texted me from school saying that my husband (her stepdad) had asked her to change her shirt in front of him while I wasn’t home, and that he had also came into the bathroom while she was in the shower and ruffled the curtain and said “let me see”. I was devastated because I never ever thought something like this could happen. He has moved out now, and has promised to go to counseling. My question is if families are able to come back from something like this or not, and also, if he gets help and apologized to her and I make sure all precautions are in place so this never happens again, if it’s horrible for me to expect her to be ok with letting him move back in. We have two sons together and I want our family to stay intact. He is an incredible person and provider. He has been very depressed since the passing of his father. He admitted to it and cried for a whole week because he feels so horrible for what he has done. I know on he inside he is a good person. I’m just blown away that this happened. I want to protect my daughter above all else. I’ve told him if he moves back in and anything like this happened again I would report it and he would lose his kids. He swears it was just a glitch and he was just depressed and he is very, very sorry for it and he would never do it again. He did not ever touch her, and when he asked that of her she said no, so he didn’t see her at all. It was mostly just words but I know words can be the most hurtful. I really just want to know if you think it’s possible for us to keep our family together if everyone gets some therapy and help. Thank you for your time! (From the USA)",Labeling,,A,0.151,0.438,mind_reading,0.427,,0.268,0.242,,,,
2211,"Hello, I have a question about a severe case of violent daydreaming. I am a survivor of childhood abuse and have been suffering from violent daydreaming for more than 15 years. I vividly imagine myself or a third person being slowly killed by torture and can’t stop these thoughts. Since these fantasies involve very gory details, I am ashamed of them and don’t have the courage to describe them to anyone because I am afraid what people might think of me. The thoughts come by themselves in waves about twice a month and each wave lasts for about 3-5 days. During these days they slightly interfere with my normal social function as I experience typical sickness behavior (lethargy, depression, loss of appetite, sleepiness, reduction in grooming, hard to concentrate). Even if I try to concentrate on a task I feel like I can’t control my mind or how I generally feel during that time. I thought for a long time that I am the only person in the world having thoughts like that and there is no help for me but recently I thought I might try to search for answers. However, I could not find any information about this phenomenon. Can you please help me women tell me if there is any literature about this that could help me understand what is going on? Is there a type of therapy that specializes in these issues? What could I do to improve my condition?",Should statements,,A,0.151,0.503,mind_reading,0.416,fortune_telling,0.364,0.241,,,,
4561,"My grandsons personality has changed in every way in last two years. he used to be loving, & caring, now he is unsociable, & uncaring. He has no remorse. He seems to be real caring when things are going the way he wants them to. Spaced out and distend when he is just sitting around. If anyone tries to talk to him he dosn’t let them finsh he already knows the answer. He is depressed. I have tried to get help for him, but he is twenty so he has to agree befor I can make make an appointment to see a doctor. Now the big problem is Feb 1 my little dog is missing. I’m very upset about is. My grandson said, to me it is just a dog get another one. Two week later his mothers dog is dead. He said he just fell over dead. he was the only one home. Again he said it is just a dog, what is the big deal.",Labeling,,A,0.152,0.361,mind_reading,0.356,,0.226,0.256,,,,
113,"I am 15 and I feel like I might have some signs of being a psychopath. I tell lies every day, either to get attention or to get out of trouble and I feel no guilt about it. I can turn my charm on and off to get what I want, and I can be very good at getting people to do what I want. I feel some empathy like I feel sorry for people, but I have very little time for other people’s problems and emotions. I don’t like hurting people and I don’t do it, however, I feel very little guilt about hurting people’s feelings. When people try to tell me their problems I get bored easily and even annoyed. I like having power over people and I also feel like I can act very childish at times. I know I’m not a full-blown psychopath, but I feel like I show some signs and I need to know what to do. (From Scotland)",Emotional Reasoning,,A,0.152,0.589,labeling,0.353,,0.342,0.251,,,,
315,"I am 14 and I KNOW I’m sick. Its been 4 months since I started passing out. People say its just day dreaming but its not. While I am unconscious, I still communicate with people. Its not like DID. Its like automated message. It feels very bad and at those times I want to end myself. I was waking up in shock, seeing things such as spiders, snakes. Then It happens when I was fully awake. I cannot control my thinking. I sometimes think about disgusting, bad or weird things even if I don’t want to. I feel like a failure. I am in my head more than out. My inner and outer world have collided. What should I do?",Fortune-telling,Labeling,A,0.152,0.535,magnification,0.437,,0.329,0.18,,,,
25,"From a teen in the U.S: I’m extremely uncomfortable around my step father. I’m young,13. so i’m not sure if this is just me being dumb, but I am really uncomfortable and feel really anxious around my step father. I’ve overheard my mother and his arguments, and they are apparently fighting because he cheated with multiple women, and because he’s acting like a child.",Personalization,Labeling,A,0.153,0.454,overgeneralization,0.281,,0.244,0.188,,,,
93,My parents & boyfriend got into a heated argument last year. He was defending me and telling them to back off because they said I abuse my cat. She has some separation anxiety and I spend time with my boyfriend once a week. They’re very negative about him but he has helped pay bills and helped my stepdad get a job but he lost it. I’m very happy with my relationship. They think he will cheat and abuse me. We also had an agreement that they would pay rent and bills since I was helping out before. Now they want me to help pay everything on top of my own bills. I tried to room with a coworker but they flipped out and didn’t want me to. We tried to work things out but I’m back to square one. I’m thinking of getting a foster for my cat and staying with my boyfriend till we can get our own place. I can’t afford my own and getting a room is risky. My boyfriend is going into air force so he wants to wait till he gets back to find a place. I’m not sure if I’m doing right but I feel the need to get away for my mental health. (From the USA),Emotional Reasoning,,A,0.153,0.43,mind_reading,0.51,fortune_telling,0.351,0.228,,,,
159,"Hello, thank you for reading this, People say overthinking is to think about a given issue way too much for me let’s say I had some trouble a week ago and now I have made a decision and that problem Is all solved and I know it however when I am free or happy I force myself to think about it and everything I just can’t stop it and I do that until I stop feeling happy. I do believe I have OCD however could this be a symptom of it? Also when I am very frustrated I cut it doesn’t give me happiness and isn’t an addiction it’s very rare but when I do cut I feel calm again and my mind goes to rest usually people cut to feel something and after that they feel happy which is not my case so is my cutting still an issue? I hope to hear back from you. Thank You so much for your time and efforts I appreciate it.",All-or-nothing thinking,,A,0.153,0.437,overgeneralization,0.321,,0.247,0.262,,,,
925,"For most of my life, but recently in the past 8 years I’ve noticed I can’t handle stress as well as my peers. I crack easily under pressure when I’m presented with a very difficult academic task. My heart rate increases, I sweat, my thoughts race, I burst into tears, and I am very hostile towards people. School seems to be the main stressor in my life and I worry about it every single day. I worry that I will fail a class or if I don’t finish my homework I will get penalized. I also constantly worry about due dates of assignments and I find it difficult to stop worrying about it. With depression, for the past two years I’ve experienced moderate- severe depression. Since then for about a year, my depression has gotten a lot better. I went to a therapist but it didn’t seem to help. My depression cleared up on it’s own.During that time, i was very happy and elated and loved doing things with my friends.But recently I can feel the depression coming back slowly. I’m crying more and I’ll get days where I have terrible mood swings. I don’t know what’s wrong with me and why this happens to me. Could I have a form of Bi Polar?",Fortune-telling,Should statements,A,0.153,0.574,magnification,0.613,emotional_reasoning,0.519,0.202,,,,
2163,"From India: Hello. I am just a normal girl who happens to see a movie about a certain actor approximately 10 years from now. My father and i have always shared a loving and fulfilling relationship but my mother is not mentally healthy, so sometimes i feel like there’s a gap that needs to be filled within my heart. What started as a very innocent crush like feeling ended up being my worst nightmare. Obsession.",Labeling,,A,0.153,0.418,overgeneralization,0.255,,0.242,0.272,,,,
4528,"I have been dating this guy for about three months now. In the beginning of our relationship, everything was perfect and I trusted him whole-heartedly. Up until recently I’ve been very suspicious and my trust just keeps going down. I started to lose trust when finding a text message in his phone from someone calling him “babe” on Valentines Day. He said it was nothing like that, and I asked to see the rest of the messages from that person but he said no because he thought that would change the dynamics of our relationship and that I am supposed to just trust him, so I let it go. Ever since that occasion it’s been so hard for me to trust him like I did in the beginning. He’s constantly texting some person in his phone and I’m 99% sure it is a female, which does not bother me. But what does bother me is that for some reason I have this gut instinct that this female he is constantly texting is someone he is involved with. When I sit and ponder on that idea I think to myself, “He doesn’t even have time to spend with other women, he’s always so busy.” But I almost feel like I’m convincing myself because I just have this feeling inside. On top of all of this my mother and a few of my close friends don’t really trust this guy or particularly care for him too which makes it even harder for me as well. I’m wondering how you feel about this situation? Should I end this relationship before I get hurt or wait it out and see if it can really become as good as I thought it could?",Mental filter,Emotional Reasoning,A,0.154,0.548,mind_reading,0.43,fortune_telling,0.398,0.19,,,,
776,"From Australia: Im preoccupied with my boyfriend’s past. He didn’t tell me he was married before. When I found out I said nothing. I bottled it up. I’m reminded of it constantly, either it comes up in conversation, he mentions something about his past, or I ruminate about it in my head.",Mental filter,,A,0.154,0.423,overgeneralization,0.28,,0.27,0.268,,,,
540,So I have no close friends at the moment probably I know some people enough just to say hi but no close one and whenever I make any they go away I don’t know if its my personality the reason or the way I behave and the only friends I can gain are school friends since there is no other place I go to I can’t really stand myself alone. Thanks for helping.,Personalization,,A,0.155,0.422,overgeneralization,0.309,,0.194,0.267,,,,
1051,"I am alone on a daily basis since I can remember, at one and a half years old I got a nanny so both my parents could work. I always stayed in kindergarden and elementary school until 5 or 6 pm, my only friend was my older sister and there the friendship came almost only from my side, because she had friends of her own and I was a bother. In 6th grade people first started talking to me, and I didn’t know what to do or how to react to the things they did, I am still not sure sometimes. I first started paying attention to the people around me. Everyone else was intense to me, I didn’t know what to do when they were in a certain mood. I am not even sure how to handle the emotions of my sister. When someone cried, others came to them, they worried and tried to comfort them. I could look at the crying kid as long as I wanted, I didn’t really feel anything. But it is not like I didnt feel anything. I am pretty sure I feel as much as everyone else, just at the wrong place and wrong time. I don’t talk with my parents about it, I think I bother them. I would like to talk to someone about it, but I wouldn’t know what to say. I just feel out of place. When people actually talk to me, which almost never happens, I don’t know what they actually want from me, even if they perfectly articulate themselves. I never had enough experience with, well, people to know how to comfort someone, to calm someone down, to lead a conversation. I am partly afraid to do the wrong thing, say something wrong, gesturing wrong, act out of place as ever. Also I just have no clue what to do. As I already said, I am pretty sure I have as many emotions as everyone else. I feel numb on a regular basis, but I think everyone has that. But I have a problem with showing emotion, I don’t show what I feel and I have a blank face for almost all the time. I do it subconsciously and only found out because someone asked me about it. I would like to be like everyone else, but I don’t know what is wrong either. (From Germany)",Emotional Reasoning,,A,0.155,0.587,labeling,0.543,personalization,0.452,0.219,,,,
473,"I’ve always loved to play pretend. But now that I’m a teenager, instead of outgrowing it, it’s gotten worse. Now I’ve gotten to the point where it’s an obsession, and I spend more time with my imaginary friends then with real people. I pretend that my favorite characters from movies and TV shows are real, and I talk to myself, both as myself and the character. I have long discussions with myself. I also pretend that they are with me everywhere I go–to the supermarket, to my cousin’s house. I pretend that they’re with me, no matter what I do. Lately, I’ve also been doing something that’s hard to explain: I pretend to be two people (usually myself and my mother, or a cousin, or a made-up person) and have a pretend to have a conversation with them. I pretend that the fiction character is watching me and my mother/cousin/other. Usually, those scenarios involve either a verbal fight, or joking. I’m really concerned because I know this is abnormal and I’m not living a normal life. I’m worried that I’m insane. Please help!",Labeling,,A,0.156,0.505,magnification,0.374,,0.256,0.255,,,,
680,"From the U.S.: Throughout most of my life (since I started puberty and all that at least) I would use hobbies/people to fulfill and void or something in my life. For example, one of my first “obsessions” was the hobby/sport dance. Once I started becoming very skilled and surpassing my friends/peers in my dance studio I started to realize that people saw me as a winner, somebody important. I got it in my head that this is the one thing you are good at, don’t ever lose or let them see you fail. So I would put an enormous amount of pressure on myself to do well and beat others so I would be seen as good at something or special to other people.",All-or-nothing thinking,,A,0.156,0.477,mind_reading,0.4,,0.314,0.249,,,,
1791,"I live with my 2 younger siblings, alcoholic father, and grandmother, who has custody of my siblings and I. She has repeatedly told my father that if he’s caught drinking, she’ll kick him out. But every time we do catch him, she let’s him stay. As of right now, he has to stay because my grandmother is currently unemployed due to an accident leaving her physically incapable of returning to work for a few more months. My father will get drunk during the night and walk around the house knocking things over and breaking them. He’ll also try to cook while we’re all asleep occasionally, and has more than once left on the stove, heating up pots and pans until they literally turn red from the heat. He eats everything and rarely pays for anything but the bare minimum of what he’s supposed to. He’s a danger to us and a terrible father. My grandmother and I both want him gone, but we just aren’t financially able to do so. I do have a job working for my aunt, earning 60 dollars a week, but obviously, that’s not enough to pay bills every month and keep 4 mouths fed. I would appreciate some advice on how to deal with living with him or how to find a way to afford to kick him out. We’ve all lived with this for years and we’re sick of it. Your help is appreciated, thank you.",Labeling,,A,0.156,0.437,mind_reading,0.468,,0.28,0.239,,,,
271,"From a teen in Singapore: Since I was 5, I have the thought that being the oldest sibling at home I need to put on a strong front in order for my mum to not worry about me or just people finding me weak. I don’t know if it’s because of my Father going to jail since I was young that caused it, but i always feel ashamed after crying in front on anyone and I hide all of my emotions except those positive ones.",Emotional Reasoning,Mind Reading,A,0.157,0.549,labeling,0.439,,0.32,0.188,,,,
587,"I have been seeing a psychiatrist for what seem to be mood issues, like depression, but keep reacting poorly to meds (antidepressants and a mood stabilizer) and my doctor said I seemed to have a reaction like I was bipolar (mixed episode), but don’t meet the criteria for bipolar in general. Like I got way more suicidal on both, not just the antidepressant. I feel like I am often mentally healthy, then have these bad depressive episodes, or just these mental breakdowns and get self-destructive and feel like I fall down a rabbit hole. It seems stranger than just depression, but it’s not really my baseline and it is like a weird spiraling effect. It lasts longer than just a reaction to a specific event, so seems to be mood related. My doctor keeps saying my reactions are unusual, and is trying his best to help, but it’s like none of us know what is going on. Therapy seems like a good option, and I tried CBT, but when I feel this bad I cannot even concentrate on what is going on. I am sure I can eventually pull myself out of it this time, but it seems like it will keep happening and it’s weird to be so lost in my mind and no one understands or can help me. I know you cannot diagnose me, but I guess my question is, do people sometimes not fit any category and are just really not typical and nothing really can help? I don’t mean I cannot do anything for my mental health, but that I will have to do it alone, without professional help?",All-or-nothing thinking,,A,0.157,0.574,magnification,0.432,emotional_reasoning,0.4,0.241,,,,
883,"I started going to therapy again and was recently hospitalized for depression and suicidal ideation, and that was my diagnosis. However, I have learned about borderline personality disorder recently. My relationships with my friends and significant others become intense from time to time and I always worry about being abandoned, even when they show no signs that they are going to leave me. If someone happens to leave, I feel as if it’s my fault and I have suicidal thoughts or want to self-harm. I have bouts of time where I’m really happy, then it’ll turn into sadness. There’s no in between for me. I am now on Zoloft and atarax and have been for a few weeks now, but over the last week, I have been experiencing sad moods. Nothing extreme, but it’s still there. Is all of this something I should bring up at my medication management appointment? I want to be on the road to recovery. Also, I believe I have PTSD from something that happened when I was 14. I was bullied severely and every time I see one of those people, my heart starts racing and I can’t breathe. Is this something I should tell the clinician as well?",Fortune-telling,Personalization,A,0.157,0.497,fortune_telling,0.442,magnification,0.418,0.22,,,,
904,"From a 14 year old girl in the U.S.: All my life i’ve tried to be different people. any sort of charscter or musician or anything that i’ve gotten attatched to, i try to become. it’s a HUGE problem and seems to even affect my thought patterns. there was a character that i tried to become who had anorexia and, though i’ve been struggling with body image issues since i was 8, it seemed to act up and get remarkably bad. this seems to start to affect my reactions to things and the way i think.",Personalization,,A,0.157,0.45,overgeneralization,0.389,,0.207,0.255,,,,
1206,My brother has been married 14 years and is considering divorce. He has been communicating with his wife about his feelings. She is a very jealous type of woman who has not allowed him to have female friends. He has two daughters ages 10 and 11 and recently the girls have been getting more involved questioning him about his female friendships. Recently he took both girls to a concert & his female friend came along. The youngest shared that she told her mom about the concert and mom said “She did not know” his friend would be there. The youngest then told her Dad that it is not right for him to be at a concert with his female friend and not her mom. Another time recently the oldest daughter called him to ask “Dad where are you and who are you with” … I don’t know if this is normal behavior for young girls but I am concerned that they are adopting these behaviors from their Mom. She also shares certain things with the girls (since the marriage is having problems) like “I didn’t know your Dad’s female friend would be there” for example. Is this something we should be concerned about? I worry the girls are being brought into their parents’ marriage issues and in the process are being taught to interrogate their Dad and worry about boundaries with him and friends.,Labeling,,A,0.157,0.4,mind_reading,0.475,,0.226,0.241,,,,
54,"From a young woman in Algeria: overwhelmed, anxious, stressed, panic attacks some times, not in the mood of doing anything from time to time, i like loneliness, i want to punish myself most of the time but never completely hurt myself (just beat myself in some parts of my body), i’d insult myself or evening say really bad things as if i wasn’t alone in my head (i’d feel like there is me and the other evil me telling me all of that), i never self harmed and cut myself but the suicidal thoughts are often here (for example if i’m driving the second after i’d think about crushing the car against the wall or to another car) the dark thoughts i have all the time are really haunting me,",Mental filter,,A,0.158,0.485,overgeneralization,0.367,,0.273,0.257,,,,
723,"From a teen in the UK: I been have a problem deciding if only “female friend” really likes and cares about me, I tried to date her and went nowhere says we are still friends. I have had doubts about whether or not she really cares about me for few years.",Mind Reading,,A,0.158,0.333,overgeneralization,0.234,,0.158,0.284,,,,
1460,"Hey, here is the thing. I don’t know what is happening to me. It’s like I can’t feel anything, I’m not happy nor sad; like I’m stuck in something and I don’t know how to get out. I want people to be there for me, yet at the same time I really want to be alone. But I don’t want to feel alone, and that is how I feel, even when I’m with friends or family. No one understands me, and I can’t explain because God knows how they will react.",Mind Reading,,A,0.159,0.592,magnification,0.485,mental_filter,0.446,0.233,,,,
1817,"From a teen in the U.S.: I went to a party last night that I didn’t know anybody but my brother. I felt like such a loser cuz everyone was communicating and didn’t even notice I was there. Even when I was standing in a group of people this one guy was introducing his self and didn’t even acknowledge me, like I didn’t even exist.",Labeling,,A,0.159,0.385,overgeneralization,0.26,,0.197,0.278,,,,
4638,"…to hold on to …I am struggling at the moment and yet I am aware that I should be feeling good. I am drawing to the end of a course of cbt, and I have benefited a great deal from this – my therapist was great, but not enough. I think my hopes and expectations at the outset were wrong – I really hoped that I would come out and things would be sorted, but of course they are not.",Should statements,,A,0.16,0.455,magnification,0.303,,0.262,0.27,,,,
23,"I’m quickly destabilizing my mood has gotten uncontrollable, I’ve talked to my therapist/clinician or whatever and they said they would keep me where I’m at as far as medication goes. I was in a psychiatric hospital months back and they had me on three different medications and I felt kinda good, but now I’m just on a 1 mg risperidone, and it doesn’t do anything anymore. I was on lithium, ativan, and seroquel, before I had a mental breakdown and over dosed before they took me off the medication. I really feel the need to be back on an anti-anxiety, and mood stabilizer, maybe even anti-depressant. The thing is no one cares what I have to say and my family is basically toxic af, they tell me “everyone gets angry, deal with it”. I am finally seeking help from online before I end up killing a bunch of people and this turns into a full blown tragedy. What do I do when no one listens to me? I’m not going back to that psychiatric hospital because it was a waste of time and money. I need medications but no one cares until I end up doing something completely insane. Nobody cares what I have to say unless its a full blown crisis situation. Everyone thinks I’m doing fine but In reality I’m having a terrible time, and want to kill people, burn buildings, basically try to bring in the second coming. How can I find someone who will listen and get me put on a pill that actually works?",Fortune-telling,All-or-nothing thinking,A,0.16,0.536,mind_reading,0.637,,0.312,0.194,,,,
1105,"My girlfriend told me last year that she was diagnosed with schizophrenia, but now she tells me that she was diagnosed with schizotypical personality disorder, she’s supposed to be taking an atypical anti-psychotic for here psychosis and hallucinations, but she stopped it anyway. However, we never met except for twice, though she hangs out almost freely with friends, but she never hangs out with me or even talk to me on the phone because she says that I rise her level of anxiety, she seems to be uncaring and selfish, I can never let out any negative feelings of mine with her because it rises her anxiety and she acts uncaring and selfish, and she turns the table around to make her the center of the situation, I had a surgery last week and guess what, she went to the movies the same day. she said she was trying to distract herself. I don’t know if she’s toxic or not, but I can’t leave the relationship because i’m afraid she would suicide or harm herself in anyway. what should I do? (From Egypt)",Labeling,Fortune-telling,A,0.16,0.483,mind_reading,0.549,fortune_telling,0.356,0.205,,,,
1977,"I am a 17 year old male and I live in Boise, Idaho. I have had chronic insomnia for a while and I simply can’t sleep but when I do I sleep a lot. I have an IQ of 150 and I heard that high IQ individuals usually stay up late. The chronic insomnia however makes me have sound hallucinations sometimes and I constantly lose touch with reality, I sometimes pace around the room in bliss while making weird grimaces. I only do so at home when alone. I sometimes feel like losing it and running around like crazy in public or flying into a rage. I barely manage to control myself.",Emotional Reasoning,,A,0.16,0.446,magnification,0.319,,0.297,0.266,,,,
2214,"I was diagnosed with BPD, GAD and MDD a few years ago, and  different therapists have speculated about quite a few other disorders without officially diagnosing any of them. I’ve both read and been told that anxiety can cause physical pain in the back, stomach and chest. I’ve been suffering from extreme pains in my back and chest, along with intense burning, constant restlessness and inability to relax, and stomach pain/discomfort and nausea for at least five years or longer, and they do seem to intensify when I’m suffering from higher anxiety or a panic attack. But the pain is so intense some days I can barely get out of bed – it makes basic, daily life a debilitating experience. Can this all be attributed to anxiety? Or is there some physical problem that could cause these same symptoms? And also, if it is just anxiety, what could be done to deal with these extreme pains – progressive muscle relaxation and that sort of thing haven’t managed to provide any relief. I can’t remember the last time I was relaxed or completely free of these pains. (age 23, from US)",Mental filter,,A,0.16,0.456,magnification,0.312,,0.239,0.268,,,,
4623,"I’m a student receiving my Masters degree. Within the past two years I’ve felt my body and mind change significantly in many ways. I feel extremely anxious when doing tasks (even small ones like packing/unpacking a suitcase). This is the same with grocery shopping or attempting my homework. I then push everything aside and get nothing done. My habits of cleanliness such as my apartment have declined because I refuse to motivate myself to clean. I’ll find myself in the kitchen then in the bedroom for some reason the randomly in the bathroom, ultimately accomplishing nothing. I get distracted by TV a lot and it impedes my homework. I also feel pressured on what to do when I finish my masters and feel like I’m too lackadaisical to even search for jobs. My relationship with my boyfriend is also affected by this in that I’ll freak out on him, refuse sex, and find him at the mercy of which high or low I’ll be on. I’ll also find myself drinking and smoking cigarettes more often to avoid doing work or tasks. I feel like I have adult ADD due to these symptoms and have spoken with my mother, who revealed she believes she has it as well but was never properly diagnosed. I would like to know what to do and what would happen if I see a psychiatrist.",All-or-nothing thinking,Should statements,A,0.161,0.558,magnification,0.527,emotional_reasoning,0.421,0.179,,,,
1065,"From a young woman in Portugal: I have been suffering from obsessive fears for 7 years now, however for one year I have developed an obsession about having anxiety during a special moment where I am supposed to be happy. Before a special exciting moment happens I get the thought of anxiety and immediately start panicking and dwelling on the thought, which in turn makes it worse.",Should statements,,A,0.161,0.528,magnification,0.589,emotional_reasoning,0.389,0.22,,,,
1561,"I feel that my husband refuses to live in reality. For example, we are working on an apartment right now. Other people are also working on the same apartment. The other people have used his tools and thrown some of his things away when they were cleaning up. He knows that they do this. He doesn’t discuss it with them. He just continues to leave things out because “they should know better”. And then when, lo and behold, something important gets thrown away or misused, he gets upset. This is a common pattern with him. Another example is something he did with his dog. His dog would always get into the garbage can when we left the house. We tried several methods of keeping him out of the garbage can, but nothing worked. So I knew that if I left something particularly “tasty” in the garbage can, I needed to take the garbage out or do something because the dog was going to get into the can.  My husband wouldn’t do that. He would just leave the “tasty” garbage there and then get mad every time because “the dog shouldn’t do that”.",Personalization,Mind Reading,A,0.161,0.385,mind_reading,0.406,,0.243,0.225,,,,
1600,"Since I was a child, I was taught that females must do everything for the males. Growing up to my father drinking everyday, to come home to beat my mother, to then beat us. When he was not drunk, he would make us pick out a weapon that he would hit us with. I guess that somehow it clicked into my older brothers head that it was ok to do the same thing to us. From 6 to 13 yrs old, I was sexually abused by my older siblings, which is my brother and sister. There has also been numerous times where family relatives have groped me, and touched me in inappropriate places.",Mind Reading,,A,0.161,0.34,overgeneralization,0.248,,0.161,0.283,,,,
1646,"Hello doctor — I hope I get an answer for my questions because I desperately need one the problem is not in me but my mother, two months ago mom called my dad and when the discussion was over she over heard him saying stuff to another woman, and since then she was shocked and my dad completely denies it but she won’t believe it the problem is she became like a different person, she stalks every move he does she took away his phone she’s suspicious about every little thing he does, no matter how he treats her she keeps giving him a hard time and never satisfied, she began talking to herself, she faints and starts screaming like a maniac, when she sleeps she wakes up in the middle of the night screaming and cursing dad, when I talk with her she never listens she keeps repeating the same thing saying she keeps replaying the words he said to that woman and its killing her and that she still can’t believe it and hopes that it’s just a nightmare she’ll wake up from and she starts questioning everything that has happened before, in short the home is a wreck dad is sick of everything, my little sisters are confused and I’m really worried about them, and mostly mom’s mental health I feel like she’s going crazy soon and its killing me no matter what we say to her she won’t listen she treats all of us badly, I just don’t know what to do I’m really worried and living a nightmare I hope I get some advice. (From Algeria)",Mental filter,Fortune-telling,A,0.161,0.547,mind_reading,0.649,fortune_telling,0.533,0.207,,,,
1956,"From the U.S.: I’m trying to determine the name of what I have so I can research it. Whenever I become romantically involved with a person, the more I trust them, open up to them, feel nurtured by them, and generally as I become emotionally close to them, the less aroused I become by them. I eventually lose any instinct to segue to sexual activity and instead prefer emotional comfort and intimacy. This does not exclude a desire for sexual activity altogether, because I still seek it while losing my ability to see the trusted partner as a viable option.",Should statements,,A,0.161,0.377,overgeneralization,0.239,,0.161,0.285,,,,
2414,"From the U.S.: Hi. This story has been in the making most of my life and seems a vicious circle that I cannot solve to both our liking & to my annoyance. All my life, I have felt mostly ignored & criticized by my mother. She came here from Europe at 21 after meeting my American father in Europe and marrying here. They were educated, but, I feel, “missed” the 60’s revolution and both seemed a little “square.” They also seemed to have learned much, but I always felt a little deprived for some reason.",Emotional Reasoning,,A,0.161,0.527,overgeneralization,0.445,labeling,0.394,0.243,,,,
98,"Hi, I have been with my partner for nearly 3 years and we have been through a lot. I forgave him at the beginning of the relationship when I found out he cheated on me, but I have never managed to rebuild the trust. He has changed, worked really hard and is a great guy in many ways BUT one thing. The biggest issue we have is when he goes out/goes for a drink. I keep on telling him that I am unable to trust him unless he keeps me posted, comes home at a reasonable or agreed hour, answers his phone if I call him late at night. But him going out often results in us arguing as he never sticks to his word and the worst thing that he does is he disappears. What I mean by that is that he would just disappear for the whole night and not answer his phone/messages. So obviously this makes me feel really disrespected as I sit there all night waiting and going crazy worrying if he is safe, if he is with another woman, if he is injured…like there are so many things that go through my mind during those dreadfully long hours until he decides to get in touch or come home.",Overgeneralization,,A,0.162,0.529,mind_reading,0.527,fortune_telling,0.425,0.229,,,,
102,"From the U.S.: My problem is my 23 year old brother claims he wants to move out yet he stays with us. (I’m 26 btw) He may have a job, but he doesn’t help around the house. My mother makes him contribute financially. My brother steals my dad’s  xbox controller since 2014 or 2015. My brother is a massive liar. Whenever he’s confronted he’ll lie about it.",Labeling,,A,0.162,0.326,overgeneralization,0.265,,0.228,0.279,,,,
966,From a woman in the U.S.: MY husband (married this past July) has struggled in the past when we were dating with drinking issues. They have been addressed and he admits the times he was drinking too much but over the years this has caused SEVERE anxiety in me. He still (just 4 months ago) drove home drunk from a co-worker’s house. So there hasn’t been a time where he has consistently shown a change because little things like that keep happening to recylce me into this time where he was drinking excessivvely.,Magnification,,A,0.162,0.338,overgeneralization,0.227,,0.209,0.286,,,,
1451,"Inside of this fleshy prison live the three of us: Harry, George, and me. Normally, we get along perfectly, each respecting one another’s problems, such as George’s ‘depression’ and Harry’s ‘schizophrenia’ (both of which have not been diagnosed or discussed with a professional). Unlike the other two, I seemingly lack a few emotions, such as grief, remorse, and empathy. Normally, this is more of a strength than a weakness, but as of late, it has been rather difficult to deal with. It’s perfectly normal for me to experience urges to kill living creatures or to break inanimate objects, and these urges are understood by Harry and George. However, with each passing day these urges seem to grow stronger, and Harry and George seem to grow more…’on edge’. When we discuss the subject, the others seem to react with more fear, or aggression, than they used to, and they don’t seem to understand my situation as well as they used to. Previously, I could control my urges perfectly. I fidget a lot, which used to calm the urges, and I can also be quite destructive if I want something (I chewed through a television remote so that I could play with the rubber buttons inside), which also helped. Leaving windows open and then killing the insects that entered the house was another good way to calm myself. However, none of these methods seem to do much good anymore. I want something more, something bigger. Hunting is out of the question for me – there isn’t anywhere to go in my local area and if I ask an adult it will arouse suspicion (they all believe that Harry, George, and myself are a singular, ‘normal’ entity). With each day these urges growing stronger, I also grow more impatient and frustrated with tiny details. Things – and people – are bothering me more and more, and this is encouraging my fantasies of killing them. There’s only two people I would never be able to kill, and they’re not a part of my family, which means I have to control myself greatly each day around the people I’m supposed to ‘love’. With all of that said, it brings me onto my questions. What can I do to calm my desire to kill? And, lastly, is calming my urges that only way to make Harry and George feel comfortable with me again? Thanks.",Should statements,,A,0.162,0.484,mind_reading,0.436,,0.291,0.249,,,,
1786,"From a teen in Australia: I have dealing with quite a few issues. I cannot for the life of me give myself a particular disorder, but I appear to carry traits and symptoms of many, mainly depression-related disorders. A few of my friends think that seeing a therapist would be beneficial to me, and I have come to reluctantly agree. However, my problems are very quiet ones, and are usually buried beneath my louder “outside face” which does not clearly display any of my inner turmoil. This means that instead of it just being obvious to my mum that I need help, I’m faced with the terrifying task of confessing my feelings to her. My mum and I are not friends, she is my parent and I am her child. This doesn’t necessarily mean we’re not close, but it does mean I have never found it easy to open up to her like I would a close friend. I find it difficult to articulate my thoughts alone, but to explain it to her seems almost impossible. I’m not sure where to begin. I have no one else to turn to as my father is not included in my life, it is just me and her in our household and I don’t have any other adults I trust with this sort of thing.",Overgeneralization,,A,0.162,0.415,mind_reading,0.55,,0.284,0.231,,,,
4697,"…a little crazy and totally lost: I’m 17 and for the past 3 months I’ve been feeling really down. I’ve no real reason to be, I’m a full time student with a good part time job, a loving boyfriend, a great family and have been getting good marks at university. However, lately I’ve been feeling really lost. I’ve been having mood swings- I often find I’m either on a really high or low, usually low mood, and that this changes quickly. I’ve also been feeling very irritable, and have found myself snapping at my family for no apparent reason. I’ve been on the contraceptive pill since October, and I was wondering if this could be some kind of hormone excess? I’m really not sure. I’m also crying frequently and feel like I’ve got no real passion or talent for any of the things I used to be interested in. At times I really do feel like I’m going crazy and I also feel that I can’t really talk to anyone about this because they’ll either think I’m being attention seeking or overly dramatic, however I don’t think either of these things are true and I do generally feel like I’m totally lost with finding a solution to this problem. I would appreciate any help or advice that you can give me. Thanks.",Mind Reading,,A,0.163,0.62,mental_filter,0.523,labeling,0.475,0.229,,,,
193,"From a teen in Thailand: I’m actually a very happy person. I’m the clown in my circle of friends and the “crazy energetic optimistic person” that cheers people up. But there are also times when I’m like this. Actually.. this time is different. I had panic attacks, been to a heart doctor and a short memory.",Labeling,,A,0.163,0.4,overgeneralization,0.318,,0.221,0.272,,,,
961,"I decided to see a private therapist for the first time today, and after the session I felt like it was pointless (I have met with a school psychologist before, and she was absolutely amazing, & professional, so this made me question today’s experience.)",Overgeneralization,,A,0.163,0.457,magnification,0.359,,0.22,0.264,,,,
1982,"I think some things are wrong with me, but due to insurance issues we never could quite afford a psychiatrist. I’ve been to rehab a few times, and I did get to see one there, but the doctor only came in once a week for one hour, in those four months, I was diagnosed with bipolar disorder, Bulimia, Depression, and anxiety. Which was a lot to take in, since it was rehab and state paid, the meds weren’t that great. I fear there is more wrong with me and I have tried to tell my mum about what happens but she just kinda pushes it under the rug. I will explain now some of the things I feel… – I for some reason don’t have a conscience, now, I don’t particularly get the urge to hurt animals or people, but I don’t really get sad when it happens. I don’t feel anything when I do something wrong, I wonder why that is. It’s like I can’t feel guilty. It just doesn’t exist. I started doing heroin to deal with things when I was seventeen. I’ve stolen from places and people and now sober I still don’t care. – I often feel spacey, like I’m here but I’m not. I can listen to you and respond but It’s not me because I often don’t remember. And sometimes I will be in my room and when I come out of a trance I realize its been anywhere from hours and hours, to days. – Some lucky random days I’ suddenly happy, like today so I’m writing about it before it ends. but other days I snap and I’m violent and angry, almost exclusively to myself. sometimes I cut myself really bad but I don’t remember doing it when I come to. – Random bouts of anxiety where I can’t even go into a gas station and pay for gas or cigarettes alone. That’s like the worse of it and I’m wondering if anyone else has experienced anything like this???",Mental filter,,A,0.163,0.462,magnification,0.298,,0.298,0.272,,,,
295,From a woman in Australia: My husband cheated on me emotionally with a female work colleague.  As far as I know and he promised me that it was not physical. I found out when her husband contacted my husband and told him to leave her alone.  I was devastated as I felt cheated on and I have lost trust.,Emotional Reasoning,,A,0.164,0.409,magnification,0.254,,0.224,0.281,,,,
1701,From the UK: I have had Myalgic Encephalopathy (ME) for 25 years and have experienced several traumas including domestic abuse that have affected me badly. I have retreated into a complete state of hiding from life and avoiding all activity including looking after myself. I havent had a bath for 2 months.,Magnification,,A,0.164,0.338,overgeneralization,0.271,,0.164,0.283,,,,
2515,"Since I was younger child I recall having a weird episode at night that distracts me from sleeping; this involves surges of anger throughout my body. However I feel incredibly numb physically, and heavy in all of my body. To cope with this, when younger, I would kick and scream in my bed until I finally would “pass out” (or fall asleep without intending to.) Now, I harm myself through punching, scratching, cursing at myself etc until I repeat “passing out.” This doesn’t happen every night, it’s occasional — but I don’t know what it is and I’ve never had chance to speak about it to anyone, however I’m studying psychology and discovering about mental issues, and I would like to resolve whatever these “episodes” are, or at least understand them. I have already been diagnosed with depression; I feel I have underlying issues excluding depression which are more psychotic however again I haven’t spoken to anyone about them (including my therapist) as I am worried they may not believe me or I would look stupid in telling them what I feel and think.",Mind Reading,Emotional Reasoning,A,0.164,0.492,mind_reading,0.593,,0.303,0.255,,,,
4579,My boyfriend and I have been together for four years and lived together three of those years. Six months into the relationship I found him parked in his workplace parking lot with a woman at 3am. That night he had gone to a friend of ours house and I stayed home because I didnt feel well and when I woke up at 2am and he still wasnt home and wouldnt answer his phone i became worried. Now 3 and 1/2 years later i do not believe that he was cheating on me with that woman but he was sincerely just dropping her off but that night was the turning point in our relationship.,Mind Reading,,A,0.165,0.332,overgeneralization,0.192,,0.165,0.295,,,,
4689,"Iv lost my girlfriend, my best friend, almost all of my other friends that I recently graduated with. I close up and sit in my room when I’m not working. I don’t even know how to meet new people anymore. I don’t even know where to start on finding a new girlfriend. Mainly cause I don’t want to but I feel like it needs to be done bc I feel I’m holding her back and she even says I am. I was only sober 2 months before I fell into a drug that helps me even know I know its not truly helping. Dxm is the drug. I take it because I can lucid dream memories that I enjoy. Like memories of me and my ex and times in the phsyc hospital I was in three times because I felt safe there. I take it daily so I can see her face(even while we were together cause we just started to fall atpart the last 3or4 months.), be safe in the hospital environment, and fix things iv screwed up in the past. The bad thing is it makes my psychosis worse. Iv already attempted suicid twice, but the first time my friend stopped me before I took all the pills and the second time my ex from above called me as I had the gun in my mouth, and I felt it was a sign that I had to stay alive for her. She doesn’t even know she did this cause iv never told her so I wouldn’t scare her. All I think about everyday is what do I have to live for. I race motocross and I’m very very good. I want to get my pro licence but I don’t even have the drive to do it. All I want is my life to end and most days I feel like if I don’t do it myself my life will just get worse. If that’s possible. I won’t kill myself. Iv made that promise to to many important people in my life and people that are not in my life anymore. I just need help from someone. Anyone.",All-or-nothing thinking,Mental filter,A,0.165,0.586,fortune_telling,0.597,emotional_reasoning,0.359,0.198,,,,
120,"Hello, I have been dealing with this problem, I’m pretty worried I might be a Pedophile, I am 16 and shouldn’t really be worrying about this I feel like but it keeps eating at me, I’ve never had the desire to touch a kid, and when I did it was before I hit puberty (as a kid myself) when I was 14 I was in a relationship with someone a little older than me (she would have been around 15) I honestly felt like I was in love with this person, shortly after that we broke up and it honestly emotionally destroyed me for a while, I’ve been diagnosed with Chronic Depression and Social Anxiety, my mother is pretty certain I have OCD just by the way I talk about things. My councilor says I am just suffering from intrusive thoughts, when I was around 12 – 13 and I would masturbate images of children would pop up in my head (I honestly didn’t think much of this because I was pretty confident I wasn’t a pedo) my first bad cycle of intrusive thoughts were HOCD thoughts, I honestly found myself being aroused my men when I purposefully thought about it to test myself, then it switched to thoughts of wanting to kill my mother, feel urges when I’d see a knife just typical things like that, but now its switched to thinking about kids, I can’t tell if I like it or not and it sometimes causes,I wouldn’t say pure anxiety but doubts and confusion, I honestly feel like I dislike it, I am currently talking to a female I think I like, she is 17 I can get erections thinking about her but I feel like it doesn’t feel as good or as strong, I felt relieved when I found out I don’t get hard over kids, but then I purposefully thought about it and started having a reaction to it, it honestly made me feel pretty bad, I would rather kill myself than be a pedo, also I don’t know if this information helps but I’m on an antidepressant called Mirtazapine which is an SSRI, could this be a problem too as I started having these bad thoughts around the time I started taking them, am I POCD or do I have Paraphilia. Please help! (From Australia)",Overgeneralization,Should statements,A,0.165,0.56,magnification,0.563,fortune_telling,0.554,0.196,,,,
493,"My friend has always been a bit different from everyone else but lately, I have seen that he can occasionally talk to himself and also replies. He also has an extremely dark sense of humour and doesn’t really feel emotion (doesn’t feel the need for love and never feels bad for anyone). Although he has never hurt anyone he says he has an urge to which is kinda weird too…",Mind Reading,,A,0.165,0.328,overgeneralization,0.229,,0.169,0.289,,,,
987,My 9 year old daughter does not want to listen at all. When she doesn’t get her way she says everybody hates her. I’ve made many attempts to improve the situation and none of the actions I’ve tried seem to be working. I have tried taking away things. I have tried positive reinforcement. What should I do????? She is acting out in school almost every day. She even talks back to adults. I have lost control.,Magnification,,A,0.165,0.369,overgeneralization,0.223,,0.18,0.29,,,,
4669,"I get so anxious and nervous that it’s hard for me to make friendships. And it’s hard for me to keep friendships. I can’t give presentations in school. I just want my last years of high school to be fun, I want to be able to get through the day without feeling like I’m alone or made a mistake. I want to stop being anxious and feel normal. I feel like I cut myself off from other people because of my fear of rejection and my anxiety. I want it to stop.",Personalization,Mind Reading,A,0.166,0.623,mental_filter,0.57,magnification,0.499,0.196,,,,
1800,"My girlfriend’s father was very abusive and loveless, and her mother had to escape with the kids one night when she was 13. He was a slum lord and fought seven years of divorce court to prevent my girlfriends family from having a stable fresh start. She absolutely despises him.",Labeling,,A,0.166,0.323,overgeneralization,0.272,,0.174,0.283,,,,
4510,"I have been with my fiancé for two years now. I have gotten along with his family fine up until recently. His mother began emailing jokes to my fiancé and me and we noticed that there were a couple other people on the emails including an ex girlfriend, who he dated for a short period of time. My fiancé asked his mother if she was still in contact with her and she said yes that they email occasionally. He told her that it made him uncomfortable and thought that it was disrespectful to both he and I and that it would hurt my feelings. She responded very harshly by saying she wouldn’t be told who she could talk to. And that if I was that fragile than she would never be close to me any way because she would not want to have a relationship with someone that she needs to sensor what she says because of my feelings. She then deleted me from her email contacts and kept the ex. She said that she would also be a friend with another ex-gf, who had been very rude and nasty to me early on in our relationship, if she was given the chance. I felt like the response was totally irrational, mean and disrespectful. I felt extremely hurt. Her response hurt even more than the actual emailing itself. I had always been very nice and respectful of his mother. My fiancé has been very supportive and says that he would feel just as hurt and uncomfortable if the tables were turned and it were my mother behaving in this manner. All we wanted was for some respect for our feelings. It hurt to see this relationship flaunted in front of me and then to have my future mother in-law blatantly not care less about our feelings and choose to maintain a relationship with the ex and not her future daughter in-law. Any advice or perspective would be greatly appreciated!!",Magnification,,A,0.167,0.46,mind_reading,0.592,,0.302,0.227,,,,
686,I have a 30 year old brother who is schizophrenic. I know this can run in families so I’m concerned that I might be showing symptoms. I’ve read that females usually start showing symptoms in their late 20’s and early 30’s. I’m 28. For the last few years I’ve been having hypnagogic hallucinations.,Overgeneralization,,A,0.167,0.386,mind_reading,0.241,,0.198,0.287,,,,
799,"I feel like I have two personalities, I’m not sure but it feels like it. I can live happily but sometimes I just got this strong urge to kill someone. It feels like something is dragging me into a void and just takes control of me. Nothing has happened so far but I am afraid that someday I might no longer be able to control it anymore. I also feel neither empathy nor guilt. I read that Psychopaths do not feel these two things as well but I on the other hand, can feel fear. Not that someone robs me or tries to kill me, Im not worried about those sorts of things. I am afraid of the reactions of my family since I pretended to be something Im not my whole life. I am also afraid to go see a Therapist, because they are professionals and Im not sure if I can keep the mask up or not. I do not want to spend the rest of my life in a mental hospital. I thought it would go away after a short while, but it seems the more time I ignore it, the stronger it gets. Please tell me I am not crazy.",All-or-nothing thinking,Fortune-telling,A,0.167,0.572,fortune_telling,0.624,magnification,0.491,0.237,,,,
2297,"From the U.S.: Hi, I am a female and a junior in high school. I think I might be gay but I don’t know, and it’s frustrating and scary. I thought I liked boys up until now. All through junior high all I ever wanted was a boyfriend. I was boy crazy and I wanted to date every boy in the school. Now, I have a boyfriend, and when we first started dating, I really liked him. I loved holding hands with him and cuddling. But after about 4 months I have no interest in touching him or kissing him or even talking to him. But I don’t know if this is because I don’t have feelings for him specifically, or boys in general.",Should statements,,A,0.167,0.446,overgeneralization,0.289,,0.251,0.278,,,,
4678,I am located in India. I am seeking advise to solve problem between me and wife. My relationship has always been in trouble because of my wife’s suspicious nature. She never trusts me on any thing and The problem is of so high magnitude that I am suffocated and very much frustrated all the time. In spite of all this I love my wife very much and would never exit this relation. But I have to solve this problem to lead a happy life.,Magnification,Overgeneralization,A,0.168,0.444,overgeneralization,0.303,,0.223,0.214,,,,
224,"My Sister has Stage 4 Lymphoma and throughout everything I have only been able to help her once. During the time that my vehicle was working I drove her around to help her with errands (depositing money from her benefit), taking her to pay bills, etc. She filled up my tank in exchange, but a month later my car’s transmission failed. She texted me recently and said “You need to step up”, I’m currently without a car, I have no sleeping schedule (it varies as my SO works nights), and I am experiencing signs of Agoraphobia. It is so intense that sometimes I pace between my front and back door trying to feel safe enough to go outside for a Cigarette. I don’t understand how to heal myself let alone be something better for my Sister. And It truly is heartbreaking. All my life my parents told me “You just gotta get over it”, but after 25 years of “getting over it” (just pushing it down inside), I was starting to be successful and find a job that I really enjoyed (because I was helping people) as a Pharmacy Technician. I worked at Humana as a Call center Tech., and I started hearing Voices. I knew they weren’t there, because I’d say “huh?” and my co-workers would tell me they didn’t say anything. It got to the point where I actually admitted to my boss that I have anxiety and it really affects me to the point where I panic to even go to work. I have quit so many jobs due to this.. and I have never lasted more than a year at any of them. My sister (the one with cancer) told me years ago that I needed professional help, and the minute I seek out for it, she tells me I am full of crap. I am basically wanting to know if any of this is justified, and I’m unsure of how to react of feel.. I am hurt, in a way I have already mourned her, and it’s hard for me to empathize with her when she’s treating me like this.. What do i do?",All-or-nothing thinking,,A,0.168,0.591,fortune_telling,0.524,magnification,0.478,0.232,,,,
263,"When I was around 8 years old, my older sister would have me play “truth or dare” with her. She is 4 years older than me, and most of the time we had to share a bed. She would make me preform sexual acts on her and get upset or angry if I told her I didn’t want to. She rarely ever reciprocated, and if I brought it up or mentioned it later, she would act like it never happened. This eventually stopped around a year or two later, but she would still make me sleep in the same bed with her for years after, even when we got separate rooms. She would always make me do things for her (nonsexual) and treat me as if I were her slave most of the time. I did everything for her until we had a falling out around 4 years ago, and now we don’t speak to each other. I have never told anyone what happened all those years ago, for fear that I am over exaggerating the seriousness of what happened. I know that kids that age don’t know any better, but I feel as if 12 might just be cutting it close to not knowing any better.",Emotional Reasoning,,A,0.169,0.465,mind_reading,0.547,,0.327,0.236,,,,
970,"I’m a 35-year-old mom of 2. I grew up with a narcissistic mother & absent father. In my childhood I had to deal with emotional neglect, physical & sexual abuse, and I was bullied in elementary school. With that said, I had a lot of (cognitive) therapy as an adult and I (thought) I was doing ok.",Labeling,,A,0.169,0.33,overgeneralization,0.292,,0.169,0.284,,,,
2029,"I was in a relationship with someone who abused me to the point I didn’t want to live anymore. He cheated on me, as well. He also allowed for his girlfriend to harass me. They even had sex and filmed it in my bed. After another physical attack, I called police. He’s still in jail months later. Recently, I was approached by a ‘mutual friend’. I was concerned, at first, but then talked it out and he assured me there was no connection. A month later, he brought another woman into my home and proceeded to be sexual with her while another of his friends was visiting. There is something wrong with me that this would go on. This is the same woman, I think. I didn’t see her, but I heard her and she sounds the same as the woman my ex was with. She’s broken my windshield, she tormented and injured one of my cats, she’s stolen from my purse, she’s stolen my house and car keys, she’s TORMENTED me. My ex denied denied denied. He called me crazy. When packing up his things, I found a pair of airline slippers under his nightstand. They were small — a female size 7 or 8, slim. I also found baby monitors with power cords. I actually broke down and hid a video camera outside. It recorded her climbing in our bedroom window with my ex’s help. She did this while I was downstairs making dinner. At times, I felt something was going on, but I didn’t ‘check’ on it, because I didn’t want to be wrong and look crazy or dumb, and I didn’t want to be right and look crazy or dumb. Because this had gone on for such a long time, I think I might’ve killed her if I’d have caught her. 400 words can’t do this justice. I wont be surprised if you call me crazy, too. I have no one I can trust. I tried to be a good woman. Why has she focussed on me like this? Is it fun? I never could get a name, of course, so I can’t get an anti-harassment order or anything. Even before the ‘mutual friend’, I thought she’d been in my house again, but decided I was being paranoid. This last incident makes me wonder, now. This has me so confused and I think I am crazy, now.",Personalization,Should statements,A,0.169,0.494,mind_reading,0.578,fortune_telling,0.376,0.206,,,,
2231,"From a teen in the U.S.: I don’t think I am antisocial because I am always with my friends, it’s just that I would rather be alone. But if I could be my complete self around my friends I wouldn’t be writing this. When it comes to family I don’t mind being with them, but I just would rather be alone when it comes to my friends.",Should statements,,A,0.169,0.397,overgeneralization,0.296,,0.266,0.278,,,,
2323,"Doctor, I’m lost. When I was three years old I told my mother I was responsible for her father’s death (died of a heart attack when I was 2 months old). Over the years I’ve had issues, first insomnia when I was seven (couldn’t stop thinking of the homeless sleeping under the rain). Always rebellious in school, I was diagnosed hyperactive and given ritalin when I was 10. I was later “disdiagnosed”. I often refused to go seek therapy because I thought “I’m not crazy”. I was in boarding school from 13-18, I was beaten up pretty badly when I was in my first year there because I disrespected the upper years. I had a couple of crushes throughout my life, none of which worked out or really mattered until a girl called Anna, my first love. She smashed my heart and got a boyfriend but I didn’t give up leading to further pain and pushed me to drink a lot. I started smoking weed when I was 16, it started with a gram/week but gradually built up to 10g/week (4months ago). Recently, 1 month and a half ago, a friend fell in a psychosis, came out to me. I told him I was straight but respected his way. He asked me to teach him how to live, and tried to kiss me twice. I was so scared that night, locked myself in my room scared he’d come rape me. For the following weeks I asked myself whether I might be gay and hadn’t realized. It didn’t bother me until one night after I hit a rough patch with a girl I love, and a friend said he thought I was gay as we were smoking. Henceforth I was convinced I was, for 3 weeks I kept smoking (5g/day by the end) thinking it would make it stop. When I got back to Paris I saw 2addiction experts and one psychiatrist, the first two said it was a bad trip and would pass with some time and antipsychotics. The second said it was anxiety related and triggered by weed-abuse.I then decided to get hospitalized and they said it was acute psychosis, sign of bipolarity or schizophrenia and that I could never drink or touch any drug again. I’m unsure of who to believe or what’s going on. I now know I’m straight but I now fear I’m suffering from the aforementioned illnesses. (From Paris)",Personalization,,A,0.169,0.495,magnification,0.418,,0.332,0.255,,,,
2473,"I am a 28 year old female in a relationship with a divorcee (with three children age 7-10). I have been having increasingly problematic anxiety attacks for the last 8 weeks. My boyfriend has been incredibly patient but it is running thin. My anxiety is beginning to interfere with my daily life, not just every now and again. I have huge panic attacks that cause not only my boyfriend to fear me but my past comes back every time to tell me that I’m not worth it, etc. (I was abandoned as a child and adopted at age 12, with significant abuse before and after adoption). I can feel that I am pushing him away even though I am not meaning to and I am afraid that he will just stop loving me because of the hurtful things that I say during the attacks. It has been an increasing struggle to come down from the attacks as well and has taken longer and long. Just last night, I had backed into and was hiding in my closet…and I’m 28! (Its embarrassing to be frank). I struggled with some anxiety when I was in college but it was never this bad. I don’t really know what to do, I don’t think its fair to continue to force him to live through the attacks, but it’s also not fair to leave him because he doesn’t want me to leave, and I don’t want to leave. Should I have him take me to the hospital next time? I can’t just go there when I’m calm, they won’t admit me, but I think its getting to about that time. I can’t keep putting him through this. Please please give me some advice. I’m drowning here.",Mental filter,Emotional Reasoning,A,0.169,0.553,fortune_telling,0.593,mind_reading,0.422,0.192,,,,
2552,"Since I can remember, I’ve always thought of myself as unattractive. At school I was considered undesirable and teased indirectly about my looks. In my later teens men started taking an interest and I became sexually active and happy, eventually entering my first relationship which lasted 4 years. This relationship ended about a year ago and though I am over it, my ex dragged out the ending and it became quite bitter with another woman involved. He would openly compare me to her and make comparisons and refused to kiss me but also would not end the relationship and have very unemotional sex with me – as though I were an object. He began making direct comments about my lack of attractiveness and eventually I left. A month or so after that, I slept with one man after a date in a dark room. Since then, I have been unable to be naked around myself or others. I cannot look at myself in the mirror and my sex life has completely stopped as I can’t be intimate unless the room is pitch black, I have clothes on and I don’t know the guy. It’s been almost a year since I last had any sexual contact with anyone and it’s upsetting me greatly. I worry I won’t ever be able to be naked or intimate with anyone again. The problem has progressed – I have always been nervous of spending time with just one person unless I know them extremely well as I fear awkward silences or general awkwardness. This has merged with my inability to have sex as I also fear being alone with someone I intend to have sex with: what would I say? What do we talk about? What if there is nothing to talk about? I miss being intimate with others and there have been multiple times I could have engaged in sexual activity or perhaps formed a relationship on one occasion but I can’t discuss this issue with anyone other than close friends and the distress it causes me knowing I won’t be able to have sex leads me to push potential sexual partners away. I decided to seek help on here after tonight, 2 separate men I know I can speak to alone, came to my room to ask if I’d like to sleep with them and both times I panicked and was unable. (age 20, from UK)",Labeling,Overgeneralization,A,0.169,0.553,fortune_telling,0.555,mind_reading,0.511,0.184,,,,
217,"From a teen in Germany: I’ve started to recognize my weight problem at the age of 15, where most of my peers were already gaining both muscle and bone mass, while I just simply couldn’t gain none of the two. During the years, it became more and more obvious that I’m underweight. My body became skinny to the point where there is a thigh gap between my legs, my ribs are visible along my heartbeat (my skin on the stomach moves as my heart beats) and worse of them all: my arms are like twigs.",Labeling,,A,0.17,0.354,overgeneralization,0.324,,0.17,0.279,,,,
228,I have no idea why I have this fear or anxiety. I am taking online classes full-time right now and have been for the last 3 year. I will always start the school quarter off well and be on track with Homework and grades but then if I don’t get online for just one single day (which is completely fine to do. We aren’t required to go online everyday) it becomes extremely hard for me to get back online to do homework and to check my grades.,All-or-nothing thinking,Overgeneralization,A,0.17,0.497,magnification,0.419,,0.289,0.207,,,,
451,"From a teen in the U.S.: My mental disturbances have been getting progressively worse, and I am beginning to suspect schizophrenia. I only took notice of these disturbances when I began ruminating over things I had done in the past, and began convincing myself I was going to be arrested for these things. At first I thought it was OCD, because I was diagnosed at a very young age, but now I’ not sure that’s the overall issue.",Magnification,,A,0.17,0.343,overgeneralization,0.253,,0.17,0.291,,,,
984,"I have been married to my husband for 5 years…and we have 2 kids together. Recently, I discovered that he was on the computer looking up his ex girl friend’s web page. He was engaged to his ex girlfriend for 3 years and then he discovered she was cheating on him and they split up. My husband tried his best to get her back but I guess she did not want to come back and decided it was over. However they both wrote emails to each other, even while my husband and I were dating. Now she is married to some other guy. My husband had saved her web page on his favorites. I had no idea he would do something like this and it has really upset me. I can’t help it but I don’t trust him anymore. He keeps saying he didn’t contact her, but I find that hard to believe. I want to leave him. Do you think that is that the right thing to do??",Magnification,Mind Reading,A,0.17,0.433,mind_reading,0.538,,0.348,0.249,,,,
2553,"I feel overprotective about my mother because of the fact that I lost my grandparents almost 2 years ago. Since my maternal grandparents’ deaths a year and a half ago, I have been over-protective about my mother. I loved my grandparents very much. Both passed away at a month’s interval and it came as a shock to my mother as well as me. Since then, whenever my mother is out alone, I become hysterical. I constantly ask her not to go out alone, in the fear of losing her. I get so worried whenever she is sick or just catches a minor cold. My dad and I were never that close. I tried telling him how I feel but he dismissed it. When my mother is out alone, I keep on thinking what if something happens to her while she is on the road. I imagine all possible situations and I end up having crying spells. All throughout those hours I fail to concentrate on anything productive. I even discarded the idea of studying outside my State. I’m sure my dad won’t be able to take good care of her. And without mum I don’t even know how I’ll go on. I can’t even imagine a second not knowing if she’s OK. I don’t know if this over-protectiveness is good or bad. But I get the feeling that I keep losing everyone I love. (From India)",All-or-nothing thinking,Overgeneralization,A,0.17,0.592,fortune_telling,0.646,emotional_reasoning,0.563,0.184,,,,
4535,"My fiance and I were together for 7 years. We had the storybook romance: we were always happy, never argued, never tired of each other, and all of of friends and family looked at us as having the perfect relationship. Life could not be better for the two of us.",Labeling,,A,0.171,0.335,overgeneralization,0.28,,0.171,0.286,,,,
4604,"I’m worried about my thoughts about my friend. He is very depressed and has recently been self-harming by starving himself. He is seeing a therapist and getting help. At first I tried to help and it wasn’t easy as I was feeling depressed but i always put him first. But, I thought about what would happen if he killed himself and now I want him to do it, I want him to die. This is a horrible thing to feel.",All-or-nothing thinking,,A,0.171,0.548,magnification,0.574,fortune_telling,0.528,0.225,,,,
173,"Me and my girlfriend have been dating for more than 9 months. We first had sex after three weeks of dating, and she asked me to have sex with her. When we had been dating for three months, she slowly started not wanting to have sex, and I even went a whole month without sex. She started taking birth control pills at the three month mark, so this might be why she acts like this.",Mind Reading,,A,0.171,0.33,overgeneralization,0.215,,0.171,0.298,,,,
281,"When I was a kid, a friend and I would pretend to be super heroes and play around. Since then this behavior has stuck with me, and I constantly find myself pretending to be someone else– usually someone made up. I always do this alone, and have full conversations and relationships in my head. In real life I have no friends. I started being homeschooled at the end of 10th grade, because the school in my area was terrible. I’m extremely social online, just not in real life. Most days I stay in the house, along with what I described. I’ve always wondered if doing this means there’s something wrong with me. I often rationalize it as an escape from my life, but I can only use that excuse so much without knowing if it is just that– an excuse. Any advice would be appreciated.",Personalization,,A,0.171,0.431,overgeneralization,0.253,,0.201,0.289,,,,
2182,From an 18 year old in the U.S.: I have been worrying about my boyfriend possibly cheating on me since we first starting going out. I have no reason not to trust him and he is truly the sweetest man I know. I was previously in an abusive relationship with a man who always accused me of being unfaithful. I am aware how frustrating this is. I try my hardest not to ask him if he’s cheating all the time and it’s gotten better until yesterday.,Emotional Reasoning,,A,0.171,0.433,magnification,0.337,,0.252,0.273,,,,
161,"Recently, a few months ago, found out my dad was a cheat. It was shocking cause he’s such a religious man I never thought it could happen. But our family dynamics were already weird he moved when I was 3 so never really had a relationship anyway. It really hit my mum I guess as her parents had both died within the last year and she took it hard and i feel like she got quite sad. It was already tense that he didn’t want to go to the funeral, due to different religions. Then she found out about a month after her dad died that he was cheating. I was the one that discovered it by text anyway and I told her. Everything’s been a mess now and she’s changed so much. We used to be relatively close and in the first few months she was just always angry at me or crying because of him and since my brothers went to university it’s just been me and her. It feels like she’s so codependent on me and I can’t turn her away cause she’s my mum and that’s not me but it’s hard because I can barely deal with my own problems (depression). Now although it’s been a few months it just feels horrible all she’ll talk about is that other woman, whom she just follows around on social media and my dad. Everyone’s told her to just leave him but she won’t say that people told her it’ll affect us, but it really won’t it’d just be better really. She doesn’t think about what I want anymore just what she thinks or people tell her. She’s always on the phone to other people, got a massive extended family and it’s too the point where I’m just ignored and neglected, despite me making time for her. I feel like she doesn’t even love me anymore. Sometimes she’s say sorry so she knows she ignores me. It’s hard it’s my gcse year and this mess has just made my already bad mental health worse. I feel bad because life’s been hard for her since she’s essentially got with him, she got ill after pregnancy and poor financial decisions have moved her from the middle class to poor. I don’t want her, she’s 50, to be alone and sad. How will I ever have my own life leaving her alone? (From the UK)",Mind Reading,Emotional Reasoning,A,0.172,0.557,mind_reading,0.641,fortune_telling,0.458,0.248,,,,
407,"Please help me. I am fairly strong and I have been in therapy during hard times in my life but my doctor retired years ago I am going through a crisis of grief, isolation, friends not being there and serious anxiety and depression and I cannot wrangle it and I don’t have any money to see a regular therapist. I feel so alone and I’ve not been able to wrangle it no matter how bad it is. I don’t know what to do anymore. I feel very alone I reach out to people but they don’t seem to realize that support is one of the main cornerstones in life.",Personalization,Mind Reading,A,0.172,0.577,magnification,0.545,emotional_reasoning,0.459,0.202,,,,
671,"I am a female, and I have been having an ongoing affair for the past 10 years. I am married, he is married. We met about 12 years ago. I would have ended up with him had I not gotten pregnant with my son. I had left my husband for him, but then after finding out I was pregnant, went back to my husband. My question now is that since we are both miserable, we want to leave our spouses, we know what we are doing is wrong, but there are children involved same ages 2 boys 7 and 2 girls 5. I have tried to tell my husband that I am unhappy but he won’t hear it and thinks we can make it over this so called “hump”…we have done counseling together and separately. My husband is very co-dependent, I am not. I just don’t know how to do this and it is consuming my life and starting to drive me crazy!! Any advice will be greatly appreciated!",Magnification,,A,0.172,0.419,mind_reading,0.407,,0.349,0.26,,,,
730,"From Argentina: I have had symptoms of depression ever since I was 12, after a whole childhood of struggling with behavioral issues and being bullied. I think about suicide everyday, even though I’ve never attempted it. I honestly think I’m useless and have no future ahead of me. There is nothing I feel I’m good at or that I really enjoy. Every day, focusing on my studies seems to require more and more will power.",Fortune-telling,Labeling,A,0.172,0.572,overgeneralization,0.495,mental_filter,0.442,0.202,,,,
952,"I have 4 “versions” of myself. The main one (me) is the artistic one and sees everything in a positive light but can get depressed easily. The second main is Jake who is logical and sees everything more realistically but can get angry easier than the rest of us and is the strongest. The third version is Jack who is a over confident person who has no emotions for others and gets things he wants for the body’s benefit. The fourth one jakey is the happiest out of all of us and is very careless about the body. jakey sees things as “life is short so why not” type of attitude.jakey comes out in a very happy scene or when I get into a deep depressed state. We are all aware of each other and we all share the same memories. They started to exist after an overwhelming event of getting out of a bad relationship, going home to angry parents, and going to school was hell. I was 13 at the time and I kept my sadness inside because I didn’t want to worry my parents even more. I have a history of suicidal actions, and self-hurting actions. There are times where we all fight like siblings but nothing too harsh. They don’t look different from me however they act a lot different from me. I hope this make sense. Its not multiple personality because they look like me but they act very different from me (hence they are called versions) However, I know that it’s not nothing. I’ve decided to accept them and let them have full control of the body for one day throughout the week. Please tell me if this is a mistake or if there is something better I should do. Thank you for your time.",Mind Reading,,A,0.172,0.424,overgeneralization,0.353,,0.346,0.269,,,,
1089,"My husband and I are trying to have a baby right now, and it isn’t working. I don’t have anyone to talk to about this, since I don’t want friends and family to know what I’m thinking, and I don’t want them to know I’m a failure… I don’t want them to know that we want a baby b/c then I’ll get their pity or sympathy, or worse, we’ll just be the talk of the family when we’re not around. we’ve been trying for a while, and nothing is happening, with no explanation, since we’re both healthy…i am almost 30, so I don’t have much more time. i was having a hard enough time coping with that, when a week ago, my younger brother-in-law and wife announced that they are pregnant. They JUST got married 7 weeks ago, and are 7 weeks pregnant. Here’s my issues:",Labeling,Personalization,A,0.172,0.501,mind_reading,0.684,fortune_telling,0.455,0.201,,,,
665,"From an American teen: I’ve shamefully become jealous of couples engaging in making out publicly. I’m an 18 year old, single, never had a girlfriend (that wasn’t online/completely unseeable, hundreds of miles away and untouchable), and I’m a never-been-kissed guy. One side of me says be patient and I’m too young, the other side of me remembers everyone’s story about their first kiss in middle school, or how a 14 yr old (annoying) friend bragged to me about kissing, while the 17 year old me sits there listening, ignoring his statements and masking jealously. In high school all the kids kissing in the halls, and in lunch and stuff became a tiring image (especially since I was never one of them) and I realized such a strong desire when my failed attempts to be with a crush were for that very reason. I’ve had tons of dreams about making out. In the waking life I turn my head every time an onscreen kiss happens, and now I just HATE to see a guy kissing a girl who’s not me, and find it extremely awkward to watch. My patience is wearing thin and I’m just dying to have the experience with a girl in real life, it seems to be so easy for males much younger than me, and I feel it a consequence of shyness that doesn’t seem to be wearing off any time soon. Why do I want to make out so bad?!",Personalization,Magnification,A,0.173,0.526,labeling,0.381,should_statements,0.354,0.207,,,,
882,From the U.S.: My house mate has been diagnosed by a psychiatrist with depression and is taking meds. The associated problem from a very untrained point of view is that they have for the first time in their life at 50 realized they can’t have everything they want and life isn’t always fair – and this lesson coming so late has really thrown a curve ball at them.,Mind Reading,,A,0.173,0.351,overgeneralization,0.255,,0.173,0.291,,,,
2519,"Back in 6th grade, my best friend and I (both guys) would mess around and play truth or dare. We would always end up doing sexual things to each other. We didn’t tell anyone except one more guy who we played the game with once. In 8th grade I stopped playing, because I wanted to force myself to be attracted to girls. I am now in 12th grade, and I still do not get sexually aroused by girls. However, more bothering than that, I do get aroused by younger boys. I don’t know if it is because of my middle school experiences or what, but I don’t know how to change. I started hanging around a freshman boy at the start of the year, and we have done a few sexual things. I don’t think he is gay, but then again nobody would think I kinda am either. I have lots of friends, play sports and have had girlfriends like any other high school guy. I hang out with the “popular” people in my grade, and my future looks pretty good if it wasn’t for this gay/pedo problem. I look at other people classified as pedophiles, and I do not fit the category at all, except I have the same feelings towards boys. I will never kidnap or rape a kid, that’s for sure. But I want this weird arousal to go away, and I need to be attracted to girls. Any help would be very appreciated! This has been a very big problem for me and if you could please just give even a little advice it would mean a lot! (age 17, from US)",Should statements,,A,0.173,0.41,overgeneralization,0.354,,0.242,0.273,,,,
207,"It’s been a few years since I felt this empty feeling but in the recent weeks it is becoming clear. I feel like my control over my emotions is gone. It is like my emotions became a switch and I don’t get to choose whether or not I want it on. Its like one moment my switch is on and I feel an array of emotions, then the next it is turned off and I feel nothing. I look at videos that are meant for the viewer to feel something whether it be sadness, anger, happiness, motivation I dont feel anything. This should make me frustrated but I dont even feel that. I am just concerned about what this means for me.",Should statements,,A,0.174,0.504,magnification,0.463,,0.324,0.252,,,,
374,"The older one is 29 years old and have mental problems and he have also a hole in his heart that makes problem with his nerves but now I’m not writing for him but for my little brother who is 13 years old. Against the older brother he is good, he goes at school but he doesn’t show good grades or speak very well. He doesn’t care about his school life, lately he ask weird question comparing for his ages about what are the things around him. He played game online sometime, don’t talk much, in his actions he is a bit delayed. And what i worry the most is that he act sometimes like the older brother with his gestures. He walk like him, the position of hands make often like him and some nonsense world that my older brother often say the little one is saying. We all thought before that my little brother with time would be better but I’m worried that he is going to be more bad…And i forgot to tell that we have send my little brother at doctor before but they said that he doesn’t have anything in his mind or in heart like my brother. We are five children. Three girls and two boys and my sisters are so well and very smart and the illness that my older brother have isn’t inherited. Could someone tell me what should I do about my little brother? I don’t want he to be or to act like older brother? I want to know why is he acting like that even when we live all together he doesn’t act like my father which is very close or anyone else but with my older brother? You will me help a lot if you answer my question… Have a nice day",Magnification,Fortune-telling,A,0.174,0.473,mind_reading,0.569,fortune_telling,0.366,0.218,,,,
573,"From the U.S.: Last year, I woke my wife up for sex. This has occurred numerous times throughout our marriage (by both parties) and there was never an issue raised. There were times (when she would wake me and when we were both already awake) when I didn’t want to have sex and never said anything because I didn’t want to disappoint her. Anyway, on the night in question, I unknowingly triggered a flashback to trauma which occurred years before we met that she had never told me about. She did not say or do anything in order to get me to stop. If I had known for even one moment, I would have stopped. It was months later that I even found out it was unwanted. Before and during the assault, I was hurt and felt betrayed by her and also thought I was being petty even feeling betrayed. I know that I should have spoken to her about that instead of trying to replace my negative feelings of her with positive feelings of providing her pleasure.",Should statements,,A,0.174,0.536,mind_reading,0.541,personalization,0.379,0.238,,,,
1189,"My Brother: “is 21 and living with his family, he has never applied for a job, the family has moved to Germany about 6 years ago. He finished school two years ago” . He was never an outgoing person but he did have friends from his school days. Starting from last year he’s been undergoing ever more increasing depression. At first he was only feeling down sometimes, but now he doesn’t speak, even when directly spoken too. He doesn’t talk about his depression with anybody, actually he doesn’t talk with anybody at all nor does he leave the house at all. In the last few months he’s even developed a tick (he sometimes inhales very quickly and loudly as if he’s shocked). His lack of communication has made it impossible to get him professional help. He refuses any kind of professional care. My family and I are clueless on how to deal with this issue, how can we help someone who not only refuses professional help but also ignores almost all communication? (From Germany)",Overgeneralization,,A,0.174,0.334,mind_reading,0.298,,0.174,0.286,,,,
1745,"This has been an on-going thing for almost my whole life since I was born, my family won’t do anything about it so I’m just in need for advice. My mother has been in a mental hospital before for only a week, due to family issues. Every day, she leaves and comes back and something sets her off, during her episodes she thinks people are watching/talking to her on a voice machine and that they screw with her body… or that my grandparents put her on this voice machine… she also tends to blame me for random things and throws sharp knives away because she thinks my young brother is going to stab us in the middle of the night, when he is NOWHERE NEAR VIOLENT AT ALL, he’s only 3. I am just wondering if signing her up to a mental hospital, or maybe therapy will help it mentally abuses me and will do so my brother once he is older.",Overgeneralization,,A,0.174,0.374,mind_reading,0.391,,0.183,0.27,,,,
1803,"Since the beginning of the year, I’ve had these weird urges making me want to hurt myself. My breathing speeds up and i can’t stop thinking about it until i do it. It doesn’t usually happen when I’m around other people, but when it does, it includes them. When I’m alone it completely fills my mind and it has lately (the past two months) begun to get worse.",Mental filter,,A,0.174,0.444,magnification,0.414,,0.266,0.262,,,,
548,I lie about things all the time. I make up things and tell people that that is what happened to me. I have told my boyfriend i was raped and severely abused as a child and i lie about things i don’t need to lie about. I had a bit of a tough up bringing with a lot of conflict but not as bad as i tell people. I am wondering if there is a name for this and if there is anything i can do about it? I don’t know why i do it.,Overgeneralization,,A,0.175,0.342,mind_reading,0.331,,0.175,0.282,,,,
598,"My wife and I have been divorced for 2 years. My 11 year old son loves baseball and is very good. My ex does everything she can to not let him play. When he is with her he misses practices and has missed games. He of course is not happy with this but is very respectful and does not question as to why. She even went so far as to not let him complete his last season and didn’t let him play in the final tournament, stating simply they had other plans. (Which of course they did not).",Overgeneralization,,A,0.175,0.312,mind_reading,0.277,,0.175,0.291,,,,
